DT_MAJ_GDUNO,CD_ORGNS,NOM_COURT,NOM_OFFCL,ADRS_GEO_L1_GDUNO,ADRS_GEO_L2_GDUNO,CD_MUNCP,NOM_MUNCP,STAT_MUNCP,CD_POSTL_GDUNO,TYPE_ORGNS,RESEAU,SITE_WEB,COORD_X_LL84,COORD_Y_LL84,ORDRE_ENS,STYLE_CART,CD_REG_ADM,NOM_MRC,NOM_REG_ADM,NOM_CEP,LANG_ENS
,020510,Conservatoire de musique de Rimouski,Conservatoire de musique de Rimouski,"22, rue Sainte-Marie",,10043,Rimouski,V,G5L4E2,École gouvernementale,Gouvernemental,http://www.conservatoire.gouv.qc.ca/rimouski/index,-68.528938,48.449422,Collégial,3_Gouvernemental,01,Rimouski-Neigette,Bas-Saint-Laurent,Rimouski,français
,100501,Conservatoire de musique de Saguenay,Conservatoire de musique de Saguenay,"202, rue Jacques-Cartier Est",,94068,Saguenay,V,G7H6R8,École gouvernementale,Gouvernemental,http://www.conservatoire.gouv.qc.ca/saguenay/index,-71.061322,48.425983,Collégial,3_Gouvernemental,02,Saguenay,Saguenay–Lac-Saint-Jean,Chicoutimi,français
,190504,ITAQ La Pocatière,"Institut de technologie agroalimentaire du Québec, campus de La Pocatière","401, rue Poiré",,14085,La Pocatière,V,G0R1Z0,École gouvernementale,Gouvernemental,http://www.itaq.ca/,-70.039112,47.364841,Collégial,3_Gouvernemental,01,Kamouraska,Bas-Saint-Laurent,Côte-du-Sud,français
,260504,Conservatoire de musique Trois-Rivières,Conservatoire de musique de Trois-Rivières,"587, rue Radisson",,37067,Trois-Rivières,V,G9A2C8,École gouvernementale,Gouvernemental,http://www.conservatoire.gouv.qc.ca/reseau/conserv,-72.54645,46.343818,Collégial,3_Gouvernemental,04,Trois-Rivières,Mauricie,Trois-Rivières,français
,440512,ITAQ St-Hyacinthe,"Institut de technologie agroalimentaire du Québec, campus de Saint-Hyacinthe","3230, rue Sicotte",C.P. 70,54048,Saint-Hyacinthe,V,J2S7B3,École gouvernementale,Gouvernemental,https://www.itaq.ca/,-72.967748,45.618869,Collégial,3_Gouvernemental,16,Les Maskoutains,Montérégie,Saint-Hyacinthe,français
,520500,Conservatoire de musique de Val-d'Or,Conservatoire de musique de Val-d'Or,"88, rue Allard",,89008,Val-d'Or,V,J9P2Y1,École gouvernementale,Gouvernemental,http://www.conservatoire.gouv.qc.ca/val-dor/index.,-77.774428,48.095151,Collégial,3_Gouvernemental,08,La Vallée-de-l'Or,Abitibi-Témiscamingue,Abitibi-Est,français
,470502,Conservatoire de musique de Gatineau,Conservatoire de musique de Gatineau,"430, boul. Alexandre-Taché",,81017,Gatineau,V,J9A1M7,École gouvernementale,Gouvernemental,http://www.conservatoire.gouv.qc.ca,-75.748541,45.421701,Collégial,3_Gouvernemental,07,Gatineau,Outaouais,Hull,français
,669510,Conservatoire de musique de Québec,Conservatoire de musique de Québec,"270, rue Jacques-Parizeau",,23027,Québec,V,G1R5G1,École gouvernementale,Gouvernemental,https://www.conservatoire.gouv.qc.ca/reseau/conser,-71.221507,46.806112,Collégial,3_Gouvernemental,03,Québec,Capitale-Nationale,Taschereau,français
,699600,Campus Macdonald - Université McGill,Macdonald College - Université McGill,"Programme GTEA, Harrison House","21 111,  chemin Lakeshore",66117,Sainte-Anne-de-Bellevue,V,H9X3V9,École gouvernementale,Gouvernemental,http://www.mcgill.ca/fmt,-73.943265,45.40411,Collégial,3_Gouvernemental,06,Montréal,Montréal,Jacques-Cartier,anglais
,749572,Conservatoire de musique de Montréal,Conservatoire de musique de Montréal,"4750, avenue Henri-Julien",,66023,Montréal,V,H2T2C8,École gouvernementale,Gouvernemental,http://www.conservatoire.gouv.qc.ca/montreal/index,-73.586346,45.523459,Collégial,3_Gouvernemental,06,Montréal,Montréal,Mercier,français
,749655,Instit. tourisme et hôtellerie du Qc,Institut de tourisme et d'hôtellerie du Québec,"3535, rue Saint-Denis",,66023,Montréal,V,H2X3P1,École gouvernementale,Gouvernemental,http://www.ithq.qc.ca/,-73.568679,45.51798,Collégial,3_Gouvernemental,06,Montréal,Montréal,Sainte-Marie-Saint-Jacques,français
,749691,ExperiSens,ExperiSens,3535 rue St-Denis,,66023,Montréal,V,H2X3P1,Centre collégial de transfert de technologie,Gouvernemental,,-73.568679,45.51798,Collégial,3_Gouvernemental,06,Montréal,Montréal,Sainte-Marie-Saint-Jacques,
,210508,Campus Notre-Dame-de-Foy,Campus Notre-Dame-de-Foy,"5000, rue Clément-Lockquell",,23072,Saint-Augustin-de-Desmaures,V,G3A1B3,Collège privé,Privé,http://www.cndf.qc.ca,-71.399553,46.736869,Collégial,2_Privé,03,Québec,Capitale-Nationale,Louis-Hébert,français
,210590,Centre RISC,Centre de recherche et d'innovation en sécurité civile - RISC,"5000, rue Clément-Lockquell",,23072,Saint-Augustin-de-Desmaures,V,G3A1B3,Centre collégial de transfert de technologie,Privé,www.centrerisc.com,-71.399553,46.736868,Collégial,2_Privé,03,Québec,Capitale-Nationale,Louis-Hébert,
,270543,Séminaire de Sherbrooke,Séminaire de Sherbrooke,"195, rue Marquette",,43027,Sherbrooke,V,J1H1L6,Collège privé,Privé,http://www.seminaire-sherbrooke.qc.ca,-71.894517,45.403012,Collégial,2_Privé,05,Sherbrooke,Estrie,Sherbrooke,français
,270544,Séminaire de Sherbrooke,Séminaire de Sherbrooke,"155, rue Belvédère Nord",,43027,Sherbrooke,V,J1H4A7,Installation collège privé,Privé,http://www.seminaire-sherbrooke.qc.ca,-71.89812,45.40004,Collégial,2_Privé,05,Sherbrooke,Estrie,Sherbrooke,français
,277500,"Cestar Collège, Campus Sherbrooke","Cestar Collège, Campus Sherbrooke","37, rue Wellington Nord",,43027,Sherbrooke,V,J1H5A9,Collège privé,Privé,,-71.890978,45.401926,Collégial,2_Privé,05,Sherbrooke,Estrie,Sherbrooke,français
,277501,"Cestar Collège, Campus Sherbrooke","Cestar Collège, Campus Sherbrooke (secteur anglophone)","37, rue Wellington Nord",,43027,Sherbrooke,V,J1H5A9,Installation collège privé,Privé,,-71.890978,45.401926,Collégial,2_Privé,05,Sherbrooke,Estrie,Sherbrooke,anglais
,290504,Collège CDI - Longueuil,Collège CDI Administration . Technologie . Santé - Longueuil,"1111, rue Saint-Charles O, bureau 120",,58227,Longueuil,V,J4K5G4,Établissement d'enseignement collège privé,Privé,http://www.cdicollege.com/,-73.519792,45.526376,Collégial,2_Privé,16,Longueuil,Montérégie,Marie-Victorin,français
,290505,"Collège CDI - Longueuil, ens. anglais",Collège CDI Administration. Technologie. Santé - Longueuil (secteur anglophone),"1111, rue Saint-Charles Ouest",Bureau 120,58227,Longueuil,V,J4K5G4,Établissement d'enseignement collège privé,Privé,http://www.cdicollege.com/,-73.519792,45.526376,Collégial,2_Privé,16,Longueuil,Montérégie,Marie-Victorin,anglais
,294901,Académie de l'Entrepreneurship,Académie de l'Entrepreneurship,"4660, montée Saint-Hubert, local 104",,58227,Longueuil,V,J3Y1V1,Collège privé,Privé,http://www.academie-ent.com,-73.438416,45.486093,Collégial,2_Privé,16,Longueuil,Montérégie,Vachon,français
,294903,Académie de l'Entrepreneurship,Académie de l'Entrepreneurship,"1001, rue Sherbrooke Est, bureau 350",,66023,Montréal,V,H2L1L3,Installation collège privé,Privé,academie-ent.com,-73.566455,45.520519,Collégial,2_Privé,06,Montréal,Montréal,Sainte-Marie-Saint-Jacques,français
,294904,Académie de l'Entrepreneurship,Académie de l'Entrepreneurship (secteur anglophone),"4660, montée Saint-Hubert",Local 104,58227,Longueuil,V,J3Y1V1,Installation collège privé,Privé,academie-ent.com,-73.438416,45.486093,Collégial,2_Privé,16,Longueuil,Montérégie,Vachon,anglais
,294905,Académie de l'Entrepreneurship,Académie de l'Entrepreneurship (secteur anglophone),"1001, rue Sherbrooke Est",Bureau 350,66023,Montréal,V,H2L1L3,Installation collège privé,Privé,academie-ent.com,-73.566455,45.520519,Collégial,2_Privé,06,Montréal,Montréal,Sainte-Marie-Saint-Jacques,anglais
,250506,"Collège Ellis, campus de Drummondville",Collège Ellis,"235, rue Moisan",,49058,Drummondville,V,J2C1W9,Collège privé,Privé,http://www.ellis.qc.ca,-72.49141,45.882114,Collégial,2_Privé,17,Drummond,Centre-du-Québec,Drummond-Bois-Francs,français
,260501,Collège Laflèche,Collège Laflèche,"1687, boulevard du Carmel",,37067,Trois-Rivières,V,G8Z3R8,Collège privé,Privé,http://www.clafleche.qc.ca,-72.559547,46.350589,Collégial,2_Privé,04,Trois-Rivières,Mauricie,Trois-Rivières,français
,260503,Collège Laflèche,Collège Laflèche,"3300, chemin de l'Aéroport",,37067,Trois-Rivières,V,G9A5E1,Installation collège privé,Privé,http://www.clafleche.qc.ca,-72.675316,46.364501,Collégial,2_Privé,04,Trois-Rivières,Mauricie,Maskinongé,français
,359505,Institut d'enregistrement du Canada,Institut d'enregistrement du Canada,"1207, rue Saint-André",,66023,Montréal,V,H2L3S8,Collège privé,Privé,http://www.recordingarts.com,-73.556427,45.515782,Collégial,2_Privé,06,Montréal,Montréal,Sainte-Marie-Saint-Jacques,français
,359506,Institut d'enregistrement du Canada,Institut d'enregistrement du Canada (secteur anglophone),"1207, rue Saint-André",,66023,Montréal,V,H2L3S8,Installation collège privé,Privé,www.recordingarts.com,-73.556427,45.515782,Collégial,2_Privé,06,Montréal,Montréal,Sainte-Marie-Saint-Jacques,anglais
,388551,"Collège CDI - Laval, ens. en anglais","Collège CDI Administration . Technologie . Santé, enseignement en anglais","3, Place Laval, bureau 400",,65005,Laval,V,H7N1A2,Établissement d'enseignement collège privé,Privé,http://www.cdicollege.ca,-73.704946,45.580726,Collégial,2_Privé,13,Laval,Laval,Laval-des-Rapides,anglais
,389551,Collège CDI - Laval,Collège CDI Administration . Technologie . Santé - Laval,"3, Place Laval, bureau 400",,65005,Laval,V,H7N1A2,Établissement d'enseignement collège privé,Privé,http://www.cdicollege.ca,-73.704946,45.580726,Collégial,2_Privé,13,Laval,Laval,Laval-des-Rapides,français
,669506,Mérici Collégial Privé,Mérici Collégial Privé,"755, Grande Allée Ouest",,23027,Québec,V,G1S1C1,Collège privé,Privé,http://www.merici.ca,-71.232673,46.795333,Collégial,2_Privé,03,Québec,Capitale-Nationale,Taschereau,français
,669507,Mérici Collégial Privé,Mérici Collégial Privé (secteur anglophone),"755, Grande Allée Ouest",,23027,Québec,V,G1S1C1,Installation collège privé,Privé,https://www.merici.ca/,-71.234341,46.795591,Collégial,2_Privé,03,Québec,Capitale-Nationale,Taschereau,anglais
,669511,Mérici Collégial Privé (Orizon Aviation),Mérici Collégial Privé (Orizon Aviation),"820, 8e Avenue de l'Aéroport",,23027,Québec,V,G2G0M4,Installation collège privé,Privé,http://www.merici.ca,-71.373915,46.79023,Collégial,2_Privé,03,Québec,Capitale-Nationale,Louis-Hébert,français
,669514,Mérici Collégial Privé (Orizon Aviation),Mérici Collégial Privé (Orizon Aviation) (secteur anglophone),"820, 8e Avenue de l'Aéroport",,23027,Québec,V,G2G0M4,Installation collège privé,Privé,https://www.merici.ca/,-71.373372,46.798194,Collégial,2_Privé,03,Québec,Capitale-Nationale,Louis-Hébert,anglais
,669537,Collège Bart (1975),Collège Bart (1975),"751, côte d'Abraham",,23027,Québec,V,G1R1A2,Collège privé,Privé,http://www.bart.ca,-71.219135,46.812506,Collégial,2_Privé,03,Québec,Capitale-Nationale,Taschereau,français
,669538,Collège Bart - Radio Télévision de Qc,Collège Bart (1975) / Collège Radio Télévision de Québec,"751, Côte d'Abraham",,23027,Québec,V,G1R1A2,Installation collège privé,Privé,www.crtq.ca,-71.219135,46.812506,Collégial,2_Privé,03,Québec,Capitale-Nationale,Taschereau,français
,669542,L'École de danse de Québec,L'École de danse de Québec,"310, boul. Langelier, bureau 214",,23027,Québec,V,G1K5N3,Collège privé,Privé,http://www.ledq.qc.ca,-71.232131,46.813279,Collégial,2_Privé,03,Québec,Capitale-Nationale,Taschereau,français
,669543,L'École de danse de Québec,L'École de danse de Québec,"336, rue du Roi",,23027,Québec,V,G1K2W5,Installation collège privé,Privé,http://www.ledq.qc.ca,-71.226633,46.814618,Collégial,2_Privé,03,Québec,Capitale-Nationale,Taschereau,français
,669546,Collège O'Sullivan de Québec inc.,Collège O'Sullivan de Québec inc.,"840, rue Saint-Jean",,23027,Québec,V,G1R1R3,Collège privé,Privé,http://www.osullivan-quebec.qc.ca,-71.217105,46.81162,Collégial,2_Privé,03,Québec,Capitale-Nationale,Taschereau,français
,669590,TOPMED- Centre collégial de transfert de,"TOPMED- Centre collégial de transfert de technologie en orthèses, prothèses et équipements médicaux","755, Grande Allée Ouest",,23027,Québec,V,G1S1C1,Centre collégial de transfert de technologie,Privé,,-71.232673,46.795333,Collégial,2_Privé,03,Québec,Capitale-Nationale,Taschereau,français
,692595,Collège de l'immobilier du Québec,Collège de l'immobilier du Québec (secteur anglophone),"2525, boulevard Daniel-Johnson",Bureau 201,65005,Laval,V,H7T1S9,Installation collège privé,Privé,www.collegeimmobilier.com,-73.754411,45.568219,Collégial,2_Privé,13,Laval,Laval,Chomedey,anglais
,693510,Collège TAV,Collège TAV,"6333, boulevard Décarie",,66023,Montréal,V,H3W3E1,Collège privé,Privé,http://www.tav.ca,-73.643399,45.490456,Collégial,2_Privé,06,Montréal,Montréal,D'Arcy-McGee,anglais
,693511,Collège TAV,Collège TAV,"5030, rue Jeanne-Mance",,66023,Montréal,V,H2V4J8,Installation collège privé,Privé,http://www.tav.ca,-73.594704,45.519797,Collégial,2_Privé,06,Montréal,Montréal,Mercier,anglais
,693512,Collège TAV,Collège TAV,"6005, boulevard Décarie",,66023,Montréal,V,H3W3C9,Installation collège privé,Privé,tav.ca,-73.641475,45.489576,Collégial,2_Privé,06,Montréal,Montréal,D'Arcy-McGee,anglais
,693515,Collège Décarie,Collège Décarie,"6005, boulevard Décarie",,66023,Montréal,V,H3W3C9,Collège privé,Privé,collegedecarie.ca,-73.641594,45.489667,Collégial,2_Privé,06,Montréal,Montréal,D'Arcy-McGee,français
,693520,"Collège Ellis, Montréal","Collège Ellis, Montréal","2195, avenue Ekers",,66072,Mont-Royal,V,H3S1C6,Installation collège privé,Privé,http://www.ellis.qc.ca,-73.627403,45.51591,Collégial,2_Privé,06,Montréal,Montréal,Mont-Royal-Outremont,anglais
,693521,"Collège Ellis, Sainte-Agathe-des-Monts","Collège Ellis, Sainte-Agathe-des-Monts","33, rue Saint-Vincent",,78032,Sainte-Agathe-des-Monts,V,J8C2A5,Installation collège privé,Privé,http://www.ellis.qc.ca,-74.288198,46.047573,Collégial,2_Privé,15,Les Laurentides,Laurentides,Bertrand,anglais
,693522,"Collège Ellis, campus de Longueuil","Collège Ellis, campus de Longueuil","1010, rue de Sérigny, bureau 300",,58227,Longueuil,V,J4K5G7,Installation collège privé,Privé,http://www.ellis.qc.ca,-73.522543,45.523163,Collégial,2_Privé,16,Longueuil,Montérégie,Marie-Victorin,français
,693523,"Collège Ellis, campus de Trois-Rivières","Collège Ellis, campus de Trois-Rivières","90, rue Dorval",,37067,Trois-Rivières,V,G8T5X7,Installation collège privé,Privé,www.ellis.qc.ca,-72.50922,46.36319,Collégial,2_Privé,04,Trois-Rivières,Mauricie,Champlain,français
,693524,"Collège Ellis, campus de Montréal","Collège Ellis, campus de Montréal","760, rue Saint-Zotique Est",,66023,Montréal,V,H2S1M5,Installation collège privé,Privé,http://www.ellis.qc.ca,-73.606629,45.537126,Collégial,2_Privé,06,Montréal,Montréal,Gouin,français
,693530,Collégial international Sainte-Anne,Collégial international Sainte-Anne,"1300, boulevard Saint-Joseph",,66023,Montréal,V,H8S2M8,Collège privé,Privé,collegial.sainteanne.ca,-73.67581,45.432433,Collégial,2_Privé,06,Montréal,Montréal,Marquette,français
,693531,Collégial international Sainte-Anne,Collégial international Sainte-Anne (secteur anglophone),"1300, boulevard Saint-Joseph",,66023,Montréal,V,H8S2M8,Installation collège privé,Privé,https://collegial.sainteanne.ca/,-73.67581,45.432433,Collégial,2_Privé,06,Montréal,Montréal,Marquette,anglais
,693550,Collège Canada inc.,Collège Canada inc.,"1118, rue Sainte-Catherine Ouest",Bureau 403,66023,Montréal,V,H3B1H5,Collège privé,Privé,www.collegecanada.com,-73.572936,45.499593,Collégial,2_Privé,06,Montréal,Montréal,Westmount-Saint-Louis,français
,693551,Collège Canada inc. (secteur anglophone),Collège Canada inc. (secteur anglophone),"1118, rue Sainte-Catherine Ouest",Bureau 403,66023,Montréal,V,H3B1H5,Installation collège privé,Privé,www.collegecanada.com,-73.572936,45.499593,Collégial,2_Privé,06,Montréal,Montréal,Westmount-Saint-Louis,anglais
,693552,Collège Canada inc.,Collège Canada inc.,"1231, rue Sainte-Catherine Ouest",Bureau 503,66023,Montréal,V,H3G1P5,Installation collège privé,Privé,www.collegecanada.com,-73.574879,45.498494,Collégial,2_Privé,06,Montréal,Montréal,Westmount-Saint-Louis,français
,693553,Collège Canada inc. (secteur anglophone),Collège Canada inc. (secteur anglophone),"1231, rue Sainte-Catherine Ouest",Bureau 503,66023,Montréal,V,H3G1P5,Installation collège privé,Privé,www.collegecanada.com,-73.574879,45.498494,Collégial,2_Privé,06,Montréal,Montréal,Westmount-Saint-Louis,anglais
,693554,"Collège Canada inc., Pavillon Royal","Collège Canada inc., Pavillon Royal","1001, rue Sherbrooke Est",Bureau 110,66023,Montréal,V,H2L1L3,Installation collège privé,Privé,https://collegecanada.com/,-73.566455,45.520519,Collégial,2_Privé,06,Montréal,Montréal,Sainte-Marie-Saint-Jacques,français
,693555,"Collège Canada inc., Pavillon Royal","Collège Canada inc., Pavillon Royal (secteur anglophone)","1001, rue Sherbrooke Est",Bureau 110,66023,Montréal,V,H2L1L3,Installation collège privé,Privé,https://collegecanada.com/,-73.566455,45.520519,Collégial,2_Privé,06,Montréal,Montréal,Sainte-Marie-Saint-Jacques,anglais
,693556,"Collège Canada inc., Pavillon Gatineau","Collège Canada inc., Pavillon Gatineau","93, boulevard Gréber",,81017,Gatineau,V,J8T3P9,Installation collège privé,Privé,https://collegecanada.com/,-75.699532,45.464552,Collégial,2_Privé,07,Gatineau,Outaouais,Chapleau,français
,693557,"Collège Canada inc., Pavillon Gatineau","Collège Canada inc., Pavillon Gatineau (secteur anglophone)","93, boulevard Gréber",,81017,Gatineau,V,J8T3P9,Installation collège privé,Privé,https://collegecanada.com/,-75.699532,45.464552,Collégial,2_Privé,07,Gatineau,Outaouais,Chapleau,anglais
,693558,"Collège Canada inc., Pavillon Sherbrooke","Collège Canada inc., Pavillon Sherbrooke","250, rue King Est, 3e étage",,43027,Sherbrooke,V,J1G1A9,Installation collège privé,Privé,https://collegecanada.com/,-71.882925,45.405936,Collégial,2_Privé,05,Sherbrooke,Estrie,Saint-François,français
,690555,Collège Universel - Campus Gatineau,Collège Universel,"290, boulevard Saint-Joseph",Bureau 200,81017,Gatineau,V,J8Y3Y3,Collège privé,Privé,www.collegeuniversel.ca,-75.732521,45.438592,Collégial,2_Privé,07,Gatineau,Outaouais,Hull,français
,690556,Collège Universel - Campus Gatineau,Collège Universel (secteur anglophone),"290, boulevard Saint-Joseph","Bureaux 002, 002A, 103, 200 et 201",81017,Gatineau,V,J8Y3Y3,Installation collège privé,Privé,www.collegeuniversel.ca,-75.732521,45.438592,Collégial,2_Privé,07,Gatineau,Outaouais,Hull,anglais
,690557,Collège Universel - Campus Montréal,Collège Universel - Campus Montréal,"205, avenue Viger Ouest",,66023,Montréal,V,H2Z1G2,Installation collège privé,Privé,www.collegeuniversel.ca,-73.561382,45.505161,Collégial,2_Privé,06,Montréal,Montréal,Westmount-Saint-Louis,français
,690558,Collège Universel - Campus Montréal,Collège Universel - Campus Montréal (secteur anglophone),"205, avenue Viger Ouest",,66023,Montréal,V,H2Z1G2,Installation collège privé,Privé,collegeuniversel.ca,-73.561382,45.505161,Collégial,2_Privé,06,Montréal,Montréal,Westmount-Saint-Louis,anglais
,690571,Campus ND-Foy / Coll. BCM (Vézina),Campus Notre-Dame-de-Foy/Collège BCM (rue Vézina),"5115, rue Vézina",,66023,Montréal,V,H3W1C2,Installation collège privé,Privé,www.cndf.qc.ca,-73.646236,45.494133,Collégial,2_Privé,06,Montréal,Montréal,D'Arcy-McGee,anglais
,690572,Campus ND-Foy / Coll. BCM (Décarie),Campus Notre-Dame-de-Foy/Collège BCM (boul. Décarie),"6900, boulevard Décarie",Bureau 216,66058,Côte-Saint-Luc,V,H3X2T8,Installation collège privé,Privé,http://www.cndf.qc.ca,-73.650338,45.491484,Collégial,2_Privé,06,Montréal,Montréal,D'Arcy-McGee,anglais
,690575,Campus Notre-Dame-de-Foy,Campus Notre-Dame-de-Foy (secteur anglophone),"5000, rue Clément-Lockquell",,23072,Saint-Augustin-de-Desmaures,V,G3A1B3,Installation collège privé,Privé,www.cndf.qc.ca,-71.399553,46.736868,Collégial,2_Privé,03,Québec,Capitale-Nationale,Louis-Hébert,anglais
,690577,Campus ND-Foy / Coll. BCM (Décarie),Campus Notre-Dame-de-Foy/Collège BCM (boul. Décarie) (secteur francophone),"6900, boulevard Décarie",Bureau 216,66058,Côte-Saint-Luc,V,H3X2T8,Installation collège privé,Privé,https://www.collegebcm.ca/,-73.649062,45.491447,Collégial,2_Privé,06,Montréal,Montréal,D'Arcy-McGee,français
,690578,Attitude Hélicoptère,Attitude Hélicoptère,"521, route Gravel",,34007,Neuville,V,G0A2R0,Installation collège privé,Privé,https://attitudehelicoptere.ca/,-71.586671,46.71959,Collégial,2_Privé,03,Portneuf,Capitale-Nationale,Portneuf,français
,691510,Multihexa Saguenay,Multihexa,"930, rue Jacques-Cartier Est",Bureau C-701,94068,Saguenay,V,G7H7K9,Collège privé,Privé,http://www.multihexa.ca,-71.040513,48.421084,Collégial,2_Privé,02,Saguenay,Saguenay–Lac-Saint-Jean,Chicoutimi,français
,691511,Multihexa Saguenay,Multihexa (secteur anglophone),"930, rue Jacques-Cartier Est",Bureau C-701,94068,Saguenay,V,G7H7K9,Installation collège privé,Privé,http://www.multihexa.ca,-71.040513,48.421084,Collégial,2_Privé,02,Saguenay,Saguenay–Lac-Saint-Jean,Chicoutimi,anglais
,691512,Multihexa Montréal,Multihexa,"503, boulevard René-Lévesque Ouest",,66023,Montréal,V,H2Z1Y7,Installation collège privé,Privé,www.multihexa.ca,-73.566021,45.503991,Collégial,2_Privé,06,Montréal,Montréal,Westmount-Saint-Louis,français
,691513,Multihexa Montréal,Multihexa (secteur anglophone),"503, boulevard René-Lévesque Ouest",,66023,Montréal,V,H2Z1Y7,Installation collège privé,Privé,www.multihexa.ca,-73.566011,45.503992,Collégial,2_Privé,06,Montréal,Montréal,Westmount-Saint-Louis,anglais
,691580,Collège CDI - Pointe Claire,Collège CDI Administration . Technologie . Santé - Pointe-Claire,"1000, boulevard St-Jean",,66097,Pointe-Claire,V,H9R5P1,Établissement d'enseignement collège privé,Privé,http://www.cdicollege.com/,-73.832741,45.469077,Collégial,2_Privé,06,Montréal,Montréal,Jacques-Cartier,français
,691581,"Collège CDI - St-Léonard, ens. anglais",Collège CDI Administration. Technologie. Santé - Saint-Léonard,"9480, boulevard Lacordaire",Bureau 204,66023,Montréal,V,H1R0C4,Établissement d'enseignement collège privé,Privé,www.collegecdi.ca,-73.615176,45.600248,Collégial,2_Privé,06,Montréal,Montréal,Jeanne-Mance-Viger,anglais
,691582,Collège CDI - Saint-Léonard,Collège CDI Administration. Technologie. Santé - Saint-Léonard,"9480, boulevard Lacordaire",Bureau 204,66023,Montréal,V,H1R0C4,Établissement d'enseignement collège privé,Privé,http://www.collegecdi.ca,-73.615176,45.600248,Collégial,2_Privé,06,Montréal,Montréal,Jeanne-Mance-Viger,français
,691583,"Collège CDI Pointe-Claire, ens. en ang.",Collège CDI Administration . Technologie . Santé - Pointe-Claire,"1000, boulevard St-Jean Bureau 500",,66097,Pointe-Claire,V,H9R5P1,Établissement d'enseignement collège privé,Privé,http://www.cdicollege.com,-73.832741,45.469077,Collégial,2_Privé,06,Montréal,Montréal,Jacques-Cartier,anglais
,692531,Institut Grasset,Institut Grasset - École de sténographie judiciaire du Québec,"220, Avenue Fairmount Ouest",,66023,Montréal,V,H2T2M7,Installation collège privé,Privé,www.institut-grasset.qc.ca,-73.596486,45.521235,Collégial,2_Privé,06,Montréal,Montréal,Mercier,français
,692532,Institut Grasset,Institut Grasset - École de sténographie judiciaire du Québec (secteur anglophone),"220, avenue Fairmount Ouest",,66023,Montréal,V,H2T2M7,Installation collège privé,Privé,www.institut-grasset.qc.ca,-73.596486,45.521235,Collégial,2_Privé,06,Montréal,Montréal,Mercier,anglais
,692540,Collège d'enseignement en immobilier inc,Collège d'enseignement en immobilier inc.,"405, avenue Ogilvy, bureau 104",,66023,Montréal,V,H3N1M3,Collège privé,Privé,www.college-cei.com,-73.625699,45.531078,Collégial,2_Privé,06,Montréal,Montréal,Laurier-Dorion,français
,692550,Institut Teccart,Institut Teccart,"3030, rue Hochelaga",,66023,Montréal,V,H1W1G2,Collège privé,Privé,http://www.teccart.qc.ca/,-73.554851,45.540421,Collégial,2_Privé,06,Montréal,Montréal,Hochelaga-Maisonneuve,français
,692551,Institut Teccart,Institut Teccart,"4405, rue Leckie",,58227,Longueuil,V,J3Y9E6,Installation collège privé,Privé,http://www.teccart.qc.ca/,-73.431878,45.51843,Collégial,2_Privé,16,Longueuil,Montérégie,Vachon,français
,692552,Institut Teccart,Institut Teccart,"2000, rue de l'Éclipse",,58007,Brossard,V,J4Z0P3,Installation collège privé,Privé,http://www.teccart.qc.ca/,-73.431901,45.447177,Collégial,2_Privé,16,Longueuil,Montérégie,La Pinière,français
,692553,Institut Teccart,Institut Teccart (secteur anglophone),"3030, rue Hochelaga",,66023,Montréal,V,H1W1G2,Installation collège privé,Privé,https://www.teccart.qc.ca,-73.554851,45.540421,Collégial,2_Privé,06,Montréal,Montréal,Hochelaga-Maisonneuve,anglais
,692554,Institut Teccart,Institut Teccart (secteur anglophone),"2000, rue de l'Éclipse",,58007,Brossard,V,J4Z0P3,Installation collège privé,Privé,https://www.teccart.qc.ca,-73.431901,45.447177,Collégial,2_Privé,16,Longueuil,Montérégie,La Pinière,anglais
,692570,Le CEFTEQ,"Centre de formation collégial en techniques équines du Québec, le CEFTEQ","3414, chemin de la Grande-Ligne",,57005,Chambly,V,J3L4A7,Collège privé,Privé,http://www.centreequestredechambly.com/,-73.302336,45.405852,Collégial,2_Privé,16,La Vallée-du-Richelieu,Montérégie,Chambly,français
,692572,Académie de Formation Équestre du Québec,Académie de Formation Équestre du Québec,"3143, avenue Lapierre",,23027,Québec,V,G3E1T3,Collège privé,Privé,www.fermetorimaetfilles.com,-71.351297,46.889481,Collégial,2_Privé,03,Québec,Capitale-Nationale,Chauveau,français
,692590,Collège de l'immobilier du Québec,Collège de l'immobilier du Québec,"600, chemin du Golf",Bureau 100,66023,Montréal,V,H3E1A8,Collège privé,Privé,http://www.collegeimmobilier.com,-73.552381,45.466976,Collégial,2_Privé,06,Montréal,Montréal,Verdun,français
,692591,Collège de l'immobilier du Québec,Collège de l'immobilier du Québec (secteur anglophone),"600, chemin du Golf",Bureau 100,66023,Montréal,V,H3E1A8,Installation collège privé,Privé,,-73.552381,45.466976,Collégial,2_Privé,06,Montréal,Montréal,Verdun,anglais
,692592,Collège de l'immobilier du Québec,Collège de l'immobilier du Québec,"6300, avenue Auteuil, bureau 135",,58007,Brossard,V,J4Z3P2,Installation collège privé,Privé,www.collegeimmobilier.com,-73.464205,45.467495,Collégial,2_Privé,16,Longueuil,Montérégie,La Pinière,français
,692593,Collège de l'immobilier du Québec,Collège de l'immobilier du Québec,"2525, boulevard Daniel-Johnson",Bureau 201,65005,Laval,V,H7T1S9,Installation collège privé,Privé,www.collegeimmobilier.com,-73.754411,45.568219,Collégial,2_Privé,13,Laval,Laval,Chomedey,français
,692594,Collège de l'immobilier du Québec,Collège de l'immobilier du Québec (secteur anglophone),"6300, avenue Auteuil, bureau 135",,58007,Brossard,V,J4Z3P2,Installation collège privé,Privé,www.collegeimmobilier.com,-73.464205,45.467495,Collégial,2_Privé,16,Longueuil,Montérégie,La Pinière,anglais
,693559,"Collège Canada inc., Pavillon Sherbrooke","Collège Canada inc., Pavillon Sherbrooke (secteur anglophone)","250, rue King Est, 3e étage",,43027,Sherbrooke,V,J1G1A9,Installation collège privé,Privé,https://collegecanada.com/,-71.882925,45.405936,Collégial,2_Privé,05,Sherbrooke,Estrie,Saint-François,anglais
,693560,"Collège St-Michel, Pavillon Sauvé","Collège St-Michel, Pavillon Sauvé","1900, rue Sauvé Est",,66023,Montréal,V,H2B3A8,Collège privé,Privé,www.collegest-michel.ca,-73.646744,45.566479,Collégial,2_Privé,06,Montréal,Montréal,Maurice-Richard,français
,693562,"Collège St-Michel, Pavillon Sauvé","Collège St-Michel, Pavillon Sauvé (secteur anglophone)","1900, rue Sauvé Est",,66023,Montréal,V,H2B3A8,Installation collège privé,Privé,www.collegest-michel.ca,-73.646744,45.566479,Collégial,2_Privé,06,Montréal,Montréal,Maurice-Richard,anglais
,693570,Collège des Tech. de l'Information,Collège des Technologies de l'Information de Montréal,"1255, boulevard Robert-Bourassa",Bureau 200,66023,Montréal,V,H3B3V8,Collège privé,Privé,www.montrealcollege.ca,-73.569217,45.503141,Collégial,2_Privé,06,Montréal,Montréal,Westmount-Saint-Louis,français
,693571,Collège des Technologies de l'Info. Mtl,Collège des Technologies de l'Information de Montréal (secteur anglophone),"1255, boulevard Robert-Bourassa",Bureau 200,66023,Montréal,V,H3B3V8,Installation collège privé,Privé,,-73.569217,45.503141,Collégial,2_Privé,06,Montréal,Montréal,Westmount-Saint-Louis,anglais
,693590,Collège Air Richelieu,Collège Air Richelieu,"5800, route de l'Aéroport",,58227,Longueuil,V,J3Y8Y9,Collège privé,Privé,www.airrichelieu.com,-73.408295,45.514085,Collégial,2_Privé,16,Longueuil,Montérégie,Vachon,français
,693591,Collège Air Richelieu,Collège Air Richelieu (secteur anglophone),"5800, route de l'Aéroport",,58227,Longueuil,V,J3Y8Y9,Installation collège privé,Privé,www.airrichelieu.com,-73.412887,45.519675,Collégial,2_Privé,16,Longueuil,Montérégie,Vachon,anglais
,693600,Isart Digital,Isart Digital,"1440, rue Sainte-Catherine Ouest",Bureau 1000,66023,Montréal,V,H3G1R8,Collège privé,Privé,www.isart.ca,-73.576322,45.495757,Collégial,2_Privé,06,Montréal,Montréal,Westmount-Saint-Louis,français
,693601,Isart Digital,Isart Digital (secteur anglophone),"1440, rue Sainte-Catherine Ouest",Bureau 1000,66023,Montréal,V,H3G1R8,Installation collège privé,Privé,www.isart.ca,-73.576321,45.495757,Collégial,2_Privé,06,Montréal,Montréal,Westmount-Saint-Louis,anglais
,693603,Rubika Montréal,Rubika Montréal,"550, avenue Beaumont, bureau 320",,66023,Montréal,V,H3N1V1,Collège privé,Privé,http://rubika-edu.ca/,-73.619223,45.527117,Collégial,2_Privé,06,Montréal,Montréal,Laurier-Dorion,français
,693604,Rubika Montréal,Rubika Montréal (secteur anglophone),"550, avenue Beaumont, bureau 320",,66023,Montréal,V,H3N1V1,Installation collège privé,Privé,https://rubika-edu.ca/,-73.619223,45.527117,Collégial,2_Privé,06,Montréal,Montréal,Laurier-Dorion,anglais
,693610,"Collège gestion, tech. et santé Matrix","Collège de gestion, technologie et santé Matrix inc.","300-320, boulevard Crémazie Est",,66023,Montréal,V,H2P1C8,Collège privé,Privé,www.matrixcollege.ca,-73.639054,45.544254,Collégial,2_Privé,06,Montréal,Montréal,Laurier-Dorion,français
,693611,"Collège gestion, tech. et santé Matrix","Collège de gestion, technologie et santé Matrix inc (secteur anglophone)","300-320, boulevard Crémazie Est",,66023,Montréal,V,H2P1C8,Installation collège privé,Privé,www.matrixcollege.ca,-73.639054,45.544254,Collégial,2_Privé,06,Montréal,Montréal,Laurier-Dorion,anglais
,693620,Collège Unica,Collège Unica (secteur anglophone),"4060, rue Sainte-Catherine Ouest",2e étage,66032,Westmount,V,H3Z2Z3,Installation collège privé,Privé,http://www.musitechnic.com,-73.586059,45.487643,Collégial,2_Privé,06,Montréal,Montréal,Westmount-Saint-Louis,anglais
,693630,Cestar Collège - Syn Studio,Cestar Collège - Syn Studio,"3440, rue Ontario Est",Bureau 210,66023,Montréal,V,H1W1P9,Collège privé,Privé,Http://synstudio.ca/fr/,-73.545506,45.543394,Collégial,2_Privé,06,Montréal,Montréal,Hochelaga-Maisonneuve,français
,693631,Cestar Collège - Syn Studio,Cestar Collège - Syn Studio (secteur anglophone),"3440, rue Ontario Est",Bureau 210,66023,Montréal,V,H1W1P9,Installation collège privé,Privé,http://synstudio.ca/fr/,-73.545506,45.543394,Collégial,2_Privé,06,Montréal,Montréal,Hochelaga-Maisonneuve,anglais
,693640,Lachute Aviation,Lachute Aviation,"480, boulevard de l'Aéroparc",,76020,Lachute,V,J8H3R8,Collège privé,Privé,http://www.lachuteaviation.com,-74.363093,45.638745,Collégial,2_Privé,15,Argenteuil,Laurentides,Argenteuil,français
,693651,Cargair Ltée,Cargair Ltée,"6100 et 6050, route de l'Aéroport",,58227,Longueuil,V,J3Y8Y9,Collège privé,Privé,www.cargair.com,-73.404836,45.516116,Collégial,2_Privé,16,Longueuil,Montérégie,Vachon,français
,693652,Cargair ltée,Cargair ltée (secteur anglophone),6100 et 6050 chemin de l'Aéroport,,58227,Longueuil,V,J3Y8Y9,Installation collège privé,Privé,www.cargair.com,-73.404836,45.516116,Collégial,2_Privé,16,Longueuil,Montérégie,Vachon,anglais
,693661,Hélicraft,Hélicraft,"6500, chemin de la Savane",,58227,Longueuil,V,J3Y8Y9,Collège privé,Privé,www.helicraft.ca,-73.410916,45.531661,Collégial,2_Privé,16,Longueuil,Montérégie,Vachon,français
,693671,Collège Avalon,Collège Avalon,"455, rue du Marais",bureau 200,23027,Québec,V,G1M3A2,Collège privé,Privé,www.collegeavalon.com,-71.282691,46.827158,Collégial,2_Privé,03,Québec,Capitale-Nationale,Vanier-Les Rivières,français
,693672,Collège Avalon (secteur anglophone),Collège Avalon (secteur anglophone),455 rue du Marais,L. 200,23027,Québec,V,G1M3A2,Installation collège privé,Privé,www.collegeavalon.com,-71.282692,46.827159,Collégial,2_Privé,03,Québec,Capitale-Nationale,Vanier-Les Rivières,anglais
,693673,Collège Avalon,Collège Avalon,"5101, rue Buchan, bureau 101",,66023,Montréal,V,H4P1S4,Installation collège privé,Privé,www.collegeavalon.com,-73.653039,45.497561,Collégial,2_Privé,06,Montréal,Montréal,Mont-Royal-Outremont,français
,693674,Collège Avalon/Avalon College,Collège Avalon (secteur anglophone),"5101, rue Buchan, bureau 101",,66023,Montréal,V,H4P1S4,Installation collège privé,Privé,www.collegeavalon.com,-73.653039,45.497561,Collégial,2_Privé,06,Montréal,Montréal,Mont-Royal-Outremont,anglais
,693691,Collège de pilotage Saint-Hubert,Collège de pilotage Saint-Hubert,"5680, chemin de l'Aéroport",,58227,Longueuil,V,J3Y8Y9,Collège privé,Privé,www.collegedepilotagesainthubert.com,-73.409908,45.51369,Collégial,2_Privé,16,Longueuil,Montérégie,Vachon,français
,693692,Collège de pilotage Saint-Hubert,Collège de pilotage Saint-Hubert (secteur anglophone),"5680, chemin de l'Aéroport",,58227,Longueuil,V,J3Y8Y9,Installation collège privé,Privé,www.collegedepilotagesainthubert.com,-73.409908,45.51369,Collégial,2_Privé,16,Longueuil,Montérégie,Vachon,anglais
,693693,Collège Eid Air Aviation,Collège Eid Air Aviation,"101, rue du Ciel",,46078,Bromont,V,J2L2X4,Collège privé,Privé,www.eidair.net,-72.732404,45.295968,Collégial,2_Privé,05,Brome-Missisquoi,Estrie,Brome-Missisquoi,français
,693694,Collège Eid Air Aviation (anglophone),Collège Eid Air Aviation (secteur anglophone),"101, rue du Ciel",,46078,Bromont,V,J2L2X4,Installation collège privé,Privé,www.eidair.net,-72.732404,45.295968,Collégial,2_Privé,05,Brome-Missisquoi,Estrie,Brome-Missisquoi,anglais
,693695,Collège Select Aviation,Collège Select Aviation,"1717, rue Arthur-Fecteau",,81017,Gatineau,V,J8R2Z9,Collège privé,Privé,selectaviation.com,-75.561077,45.518662,Collégial,2_Privé,07,Gatineau,Outaouais,Gatineau,français
,693696,Collège Select Aviation,Collège Select Aviation (secteur anglophone),"1717, rue Arthur-Fecteau",,81017,Gatineau,V,J8R2Z9,Installation collège privé,Privé,selectaviation.com,-75.561077,45.518662,Collégial,2_Privé,07,Gatineau,Outaouais,Gatineau,anglais
,693697,Passport Hélico,Passport Hélico,"3320, avenue de La Gare",Bureau 10,64015,Mascouche,V,J7K3C1,Collège privé,Privé,www.passport-helico.com,-73.595881,45.721726,Collégial,2_Privé,14,Les Moulins,Lanaudière,Masson,français
,693699,Collège d'aéronautique,Collège d'aéronautique,"300, boulevard Marcel-Laurin, bureau 200",,66023,Montréal,V,H4M2L4,Collège privé,Privé,www.academyofaeronautics.com,-73.675901,45.503044,Collégial,2_Privé,06,Montréal,Montréal,Saint-Laurent,anglais
,693703,Institut Trebas Québec inc.,Institut Trebas Québec inc.,"550, rue Sherbrooke Ouest, 3e étage",,66023,Montréal,V,H3A1B9,Installation collège privé,Privé,http://www.trebas.com,-73.572532,45.505906,Collégial,2_Privé,06,Montréal,Montréal,Westmount-Saint-Louis,français
,693704,Institut Trebas Québec inc.,Institut Trebas Québec inc. (secteur anglophone),"550, rue Sherbrooke Ouest, 3e étage",,66023,Montréal,V,H3A1B9,Installation collège privé,Privé,http://www.trebas.com,-73.572535,45.505904,Collégial,2_Privé,06,Montréal,Montréal,Westmount-Saint-Louis,anglais
,693710,Collège Greystone,Collège Greystone,"550, rue Sherbrooke Ouest, tour est",Bureau 800,66023,Montréal,V,H3A1B9,Collège privé,Privé,www.greystonecollege.com,-73.572533,45.505908,Collégial,2_Privé,06,Montréal,Montréal,Westmount-Saint-Louis,français
,693711,Collège Greystone (secteur anglophone),Collège Greystone (secteur anglophone),"550, rue Sherbrooke Ouest, tour est",Bureau 800,66023,Montréal,V,H3A1B9,Installation collège privé,Privé,www.greystonecollege.com,-73.572533,45.505908,Collégial,2_Privé,06,Montréal,Montréal,Westmount-Saint-Louis,anglais
,693730,École de management INSA,École de management INSA,"1255, boulevard Robert-Bourassa",Bureau 605,66023,Montréal,V,H3B3V9,Collège privé,Privé,https://www.em-insa.com/,-73.56767,45.50495,Collégial,2_Privé,06,Montréal,Montréal,Westmount-Saint-Louis,français
,693731,École de management INSA,École de management INSA (secteur anglophone),"1255, boulevard Robert-Bourassa",Bureau 605,66023,Montréal,V,H3B3V9,Installation collège privé,Privé,https://www.em-insa.com/,-73.56767,45.50495,Collégial,2_Privé,06,Montréal,Montréal,Westmount-Saint-Louis,anglais
,693735,Collège l'Avenir de Rosemont inc.,Collège l'Avenir de Rosemont inc.,"3244, boulevard Rosemont",,66023,Montréal,V,H1Y1M7,Collège privé,Privé,www.collegelavenirderosemont.com,-73.580254,45.552913,Collégial,2_Privé,06,Montréal,Montréal,Rosemont,français
,693736,Collège l'Avenir de Rosemont inc.,Collège l'Avenir de Rosemont inc. (secteur anglophone),"3244, boulevard Rosemont",,66023,Montréal,V,H1Y1M7,Installation collège privé,Privé,www.collegelavenirderosemont.com,-73.580254,45.552913,Collégial,2_Privé,06,Montréal,Montréal,Rosemont,anglais
,693740,"Cestar Collège, Campus LaSalle","Cestar Collège, Campus LaSalle","8550, boulevard Newman, bureau 8564",,66023,Montréal,V,H8N1Y5,Collège privé,Privé,,-73.631509,45.430963,Collégial,2_Privé,06,Montréal,Montréal,Marguerite-Bourgeoys,français
,693741,"Cestar Collège, Campus LaSalle (angl.)","Cestar Collège, Campus LaSalle (secteur anglophone)","8550, boulevard Newman, bureau 8564",,66023,Montréal,V,H8N1Y5,Installation collège privé,Privé,,-73.631509,45.430963,Collégial,2_Privé,06,Montréal,Montréal,Marguerite-Bourgeoys,anglais
,693755,Campus d'effets visuels - Lost Boys Mtl.,Campus d'effets visuels Inc.,"2261, avenue Papineau",Bureau 105,66023,Montréal,V,H2K4J5,Collège privé,Privé,https://campusdeffetsvisuels.com/,-73.562674,45.527765,Collégial,2_Privé,06,Montréal,Montréal,Sainte-Marie-Saint-Jacques,anglais
,693760,Collège Cumberland,Collège Cumberland,"6560, avenue de l'Esplanade",Bureau 204,66023,Montréal,V,H2V4L5,Collège privé,Privé,www.cumberland.college,-73.612963,45.528583,Collégial,2_Privé,06,Montréal,Montréal,Gouin,français
,693761,Collège Cumberland,Collège Cumberland (secteur anglophone),"6560, avenue de l'Esplanade",Bureau 204,66023,Montréal,V,H2V4L5,Installation collège privé,Privé,cumberland.college/,-73.612964,45.528581,Collégial,2_Privé,06,Montréal,Montréal,Gouin,anglais
,693770,Coll. national de science et technologie,Collège national de science et technologie inc.,"3750, boulevard Crémazie Est",Bureau 301,66023,Montréal,V,H2A1B6,Collège privé,Privé,https://collegenational.ca/,-73.602303,45.566609,Collégial,2_Privé,06,Montréal,Montréal,Viau,français
,693771,Coll. national de science et technologie,Collège national de science et technologie inc. (secteur anglophone),"3750, boulevard Crémazie Est",Bureau 301,66023,Montréal,V,H2A1B6,Installation collège privé,Privé,https://collegenational.ca/,-73.602303,45.566609,Collégial,2_Privé,06,Montréal,Montréal,Viau,anglais
,693780,Collège Kensley,Collège Kensley inc.,"279, rue Sherbrooke Ouest",Bureau 209,66023,Montréal,V,H2X1Y2,Collège privé,Privé,kensleycollege.ca,-73.571194,45.508939,Collégial,2_Privé,06,Montréal,Montréal,Westmount-Saint-Louis,français
,693781,Collège Kensley (secteur anglophone),Collège Kensley inc. (secteur anglophone),"279, rue Sherbrooke Ouest",Bureau 209,66023,Montréal,V,H2X1Y2,Installation collège privé,Privé,kensleycollege.ca,-73.571194,45.508939,Collégial,2_Privé,06,Montréal,Montréal,Westmount-Saint-Louis,anglais
,693790,Collège de Technologie Ascent inc.,Collège de Technologie Ascent inc.,"300-320, boulevard Crémazie Est",,66023,Montréal,V,H2P1C8,Collège privé,Privé,www.ascentcollege.ca,-73.639054,45.544254,Collégial,2_Privé,06,Montréal,Montréal,Laurier-Dorion,français
,693791,Collège de Technologie Ascent inc.,Collège de Technologie Ascent inc. (secteur anglophone),"300-320, boulevard Crémazie Est",,66023,Montréal,V,H2P1C8,Installation collège privé,Privé,www.ascentcollege.ca,-73.639054,45.544254,Collégial,2_Privé,06,Montréal,Montréal,Laurier-Dorion,anglais
,693795,Institut Élite de Montréal,Institut Élite de Montréal,"45, Place Charles-Le Moyne",Bureau 97,58227,Longueuil,V,J4K5G5,Collège privé,Privé,www.institutelite.ca,-73.523043,45.525745,Collégial,2_Privé,16,Longueuil,Montérégie,Marie-Victorin,français
,693796,Institut Élite de Montréal,Institut Élite de Montréal (secteur anglophone),"45, Place Charles-Lemoyne, bureau 97",,58227,Longueuil,V,J4K5G5,Installation collège privé,Privé,www.institutelite.ca,-73.523043,45.525745,Collégial,2_Privé,16,Longueuil,Montérégie,Marie-Victorin,anglais
,693800,Collège iFly inc.,Collège iFly inc.,"706B, 7e Avenue de l'Aéroport",,23027,Québec,V,G2G2T6,Collège privé,Privé,www.iflycollege.ca,-71.378136,46.789131,Collégial,2_Privé,03,Québec,Capitale-Nationale,Louis-Hébert,français
,693805,Collège Milestone,Collège Milestone,"6400, avenue Auteuil, bureau 200",,58007,Brossard,V,J4Z3P5,Collège privé,Privé,www.collegemilestone.ca,-73.465233,45.467752,Collégial,2_Privé,16,Longueuil,Montérégie,La Pinière,français
,693806,Collège Milestone,Collège Milestone (secteur anglophone),"6400, avenue Auteuil, bureau 200",,58007,Brossard,V,J4Z3P5,Installation collège privé,Privé,www.collegemilestone.ca,-73.465233,45.467752,Collégial,2_Privé,16,Longueuil,Montérégie,La Pinière,anglais
,693810,École Supérieure Internationale de Mtl,École Supérieure Internationale de Montréal,"6555, chemin de la Côte-des-Neiges",Bureau 390,66023,Montréal,V,H3S2A6,Collège privé,Privé,https://www.esidem.ca,-73.635125,45.502668,Collégial,2_Privé,06,Montréal,Montréal,Mont-Royal-Outremont,français
,719503,École de musique Vincent d'Indy,École de musique Vincent d'Indy,"628, chemin de la Côte-Sainte-Catherine",,66023,Montréal,V,H2V2C5,Collège privé,Privé,http://www.emvi.qc.ca,-73.613168,45.512113,Collégial,2_Privé,06,Montréal,Montréal,Mont-Royal-Outremont,français
,719517,Collège Stanislas inc.,Collège Stanislas inc.,"780, boulevard Dollard",,66023,Montréal,V,H2V3G5,Collège privé,Privé,http://www.stanislas.qc.ca,-73.614857,45.518005,Collégial,2_Privé,06,Montréal,Montréal,Mont-Royal-Outremont,français
,747747,"Collège CDI - Montréal, ens. en anglais","Collège CDI Administration . Technologie . Santé, enseignement en anglais","1259, rue Berri, 3e étage",,66023,Montréal,V,H2L4C7,Établissement d'enseignement collège privé,Privé,http://www.collegecdi.ca,-73.55864,45.514458,Collégial,2_Privé,06,Montréal,Montréal,Sainte-Marie-Saint-Jacques,anglais
,748548,Collège LaSalle,Collège LaSalle (secteur anglophone),"2000, rue Sainte-Catherine Ouest",,66023,Montréal,V,H3H2T2,Installation collège privé,Privé,http://www.collegelasalle.com,-73.581805,45.491442,Collégial,2_Privé,06,Montréal,Montréal,Westmount-Saint-Louis,anglais
,748561,Collège O'Sullivan de Montréal inc.,Collège O'Sullivan de Montréal inc. (secteur anglophone),"1191, rue de la Montagne",,66023,Montréal,V,H3G1Z2,Installation collège privé,Privé,http://www.osullivan.edu,-73.573406,45.497406,Collégial,2_Privé,06,Montréal,Montréal,Westmount-Saint-Louis,anglais
,748720,"Collège April-Fortier, ens. en anglais","Collège April-Fortier, enseignement en anglais","1001, rue Sherbrooke Est, bureau 350",,66023,Montréal,V,H2L1N3,Installation collège privé,Privé,http://www.april-fortier.com,-73.566455,45.520519,Collégial,2_Privé,06,Montréal,Montréal,Sainte-Marie-Saint-Jacques,anglais
,748738,Institut Trebas Québec inc.,Institut Trebas Québec inc. (secteur anglophone),"550, rue Sherbrooke Ouest, 6e étage",,66023,Montréal,V,H3A1B9,Installation collège privé,Privé,http://www.trebas.com,-73.572533,45.505908,Collégial,2_Privé,06,Montréal,Montréal,Westmount-Saint-Louis,anglais
,748937,École nationale de cirque,"École nationale de cirque, secteur anglophone","8181, avenue du Cirque",,66023,Montréal,V,H1Z4N9,Installation collège privé,Privé,http://www.enc.qc.ca/,-73.613646,45.561794,Collégial,2_Privé,06,Montréal,Montréal,Viau,anglais
,749547,Collège André-Grasset (1973) inc.,Collège André-Grasset (1973) inc.,"1001, boulevard Crémazie Est",,66023,Montréal,V,H2M1M3,Collège privé,Privé,http://www.grasset.qc.ca,-73.633141,45.551208,Collégial,2_Privé,06,Montréal,Montréal,Maurice-Richard,français
,749548,Collège LaSalle,Collège LaSalle,"2000, rue Sainte-Catherine Ouest",Bureau 2000,66023,Montréal,V,H3H2T2,Collège privé,Privé,http://www.collegelasalle.com,-73.581805,45.491442,Collégial,2_Privé,06,Montréal,Montréal,Westmount-Saint-Louis,français
,749550,André-Grasset (secteur anglophone),Collège André-Grasset (secteur anglophone),"1001, boulvevard Crémazie Est",,66023,Montréal,V,H2M1M3,Installation collège privé,Privé,,-73.633141,45.551208,Collégial,2_Privé,06,Montréal,Montréal,Maurice-Richard,anglais
,749556,Collège Jean-de-Brébeuf,Collège Jean-de-Brébeuf,"3200, chemin de la Côte-Sainte-Catherine",,66023,Montréal,V,H3T1C1,Collège privé,Privé,http://www.brebeuf.qc.ca,-73.622805,45.501611,Collégial,2_Privé,06,Montréal,Montréal,Mont-Royal-Outremont,français
,749557,Collège international Marie de France,Collège international Marie de France,"4635, chemin Queen-Mary",,66023,Montréal,V,H3W1W3,Collège privé,Privé,http://www.cimf.ca,-73.625122,45.490252,Collégial,2_Privé,06,Montréal,Montréal,Mont-Royal-Outremont,français
,749561,Collège O'Sullivan de Montréal inc.,Collège O'Sullivan de Montréal inc.,"1191, rue de la Montagne",,66023,Montréal,V,H3G1Z2,Collège privé,Privé,http://www.osullivan.edu,-73.573406,45.497406,Collégial,2_Privé,06,Montréal,Montréal,Westmount-Saint-Louis,français
,749648,Collège LaSalle,Collège LaSalle,"1595, boulevard Daniel-Johnson",,65005,Laval,V,H7V4C2,Installation collège privé,Privé,http://www.collegelasalle.com/,-73.743126,45.557666,Collégial,2_Privé,13,Laval,Laval,Chomedey,français
,749649,Collège LaSalle,Collège LaSalle (secteur anglophone),"1595, boulevard Daniel-Johnson",,65005,Laval,V,H7V4C2,Installation collège privé,Privé,http://www.collegelasalle.com/,-73.743126,45.557666,Collégial,2_Privé,13,Laval,Laval,Chomedey,anglais
,749672,École nationale de théâtre du Canada,École nationale de théâtre du Canada,"5030, rue Saint-Denis",,66023,Montréal,V,H2J2L8,Collège privé,Privé,http://www.ent-nts.ca,-73.589031,45.526235,Collégial,2_Privé,06,Montréal,Montréal,Mercier,français
,749673,École nationale de théâtre du Canada,École nationale de théâtre du Canada,"1182, boulevard Saint-Laurent",,66023,Montréal,V,H2X2S5,Installation collège privé,Privé,http://www.ent-nts.ca,-73.562448,45.508922,Collégial,2_Privé,06,Montréal,Montréal,Westmount-Saint-Louis,français
,749674,École nationale de théâtre du Canada,École nationale de théâtre du Canada,"360, avenue Laurier Est",,66023,Montréal,V,H2T3B6,Installation collège privé,Privé,http://www.ent-nts.ca,-73.58962,45.526379,Collégial,2_Privé,06,Montréal,Montréal,Mercier,français
,749712,Collège Marianopolis,Collège Marianopolis,"4873, avenue Westmount",,66032,Westmount,V,H3Y1X9,Collège privé,Privé,http://www.marianopolis.edu,-73.612297,45.481213,Collégial,2_Privé,06,Montréal,Montréal,Westmount-Saint-Louis,anglais
,749720,Collège April-Fortier inc.,Collège April-Fortier inc.,"1001, rue Sherbrooke Est, bureau 350",,66023,Montréal,V,H2L1N3,Collège privé,Privé,http://www.april-fortier.com,-73.566455,45.520519,Collégial,2_Privé,06,Montréal,Montréal,Sainte-Marie-Saint-Jacques,français
,749721,Collège April-Fortier inc.,Collège April-Fortier inc. Longueuil,"4660, montée Saint-Hubert, local 104",,58227,Longueuil,V,J3Y1V1,Installation collège privé,Privé,,-73.438416,45.486093,Collégial,2_Privé,16,Longueuil,Montérégie,Vachon,français
,749738,Institut Trebas Québec inc.,Institut Trebas Québec inc.,"550, rue Sherbrooke Ouest, 6e étage",,66023,Montréal,V,H3A1B9,Collège privé,Privé,http://www.trebas.com,-73.572533,45.505908,Collégial,2_Privé,06,Montréal,Montréal,Westmount-Saint-Louis,français
,749747,Collège CDI - Montréal,Collège CDI Administration . Technologie . Santé,"1259, rue Berri, 3e étage",,66023,Montréal,V,H2L4C7,Collège privé,Privé,http://www.collegecdi.ca,-73.55864,45.514458,Collégial,2_Privé,06,Montréal,Montréal,Sainte-Marie-Saint-Jacques,français
,749751,École de danse contemporaine de Montréal,École de danse contemporaine de Montréal,"1435, rue De Bleury, 6e étage",,66023,Montréal,V,H3A2H7,Collège privé,Privé,www.edcm.ca,-73.567519,45.506903,Collégial,2_Privé,06,Montréal,Montréal,Westmount-Saint-Louis,français
,749756,Collège Herzing,Collège Herzing (secteur francophone),"8370, boulevard Lacordaire",,66023,Montréal,V,H1R3Y6,Installation collège privé,Privé,www.herzing.ca,-73.597089,45.585554,Collégial,2_Privé,06,Montréal,Montréal,Jeanne-Mance-Viger,français
,749757,Collège Herzing,Collège Herzing (secteur anglophone),"8370, boulevard Lacordaire",,66023,Montréal,V,H1R3Y6,Installation collège privé,Privé,www.herzing.ca,-73.597089,45.585554,Collégial,2_Privé,06,Montréal,Montréal,Jeanne-Mance-Viger,anglais
,749758,Collège Herzing,Collège Herzing,"1616, boul. René-Lévesque Ouest",,66023,Montréal,V,H3H1P8,Collège privé,Privé,www.herzing.ca,-73.575236,45.493246,Collégial,2_Privé,06,Montréal,Montréal,Westmount-Saint-Louis,français
,749759,Collège Herzing,Collège Herzing (secteur anglophone),"1616, boulevard René-Lévesque Ouest",,66023,Montréal,V,H3H1P8,Installation collège privé,Privé,www.herzing.ca,-73.575236,45.493246,Collégial,2_Privé,06,Montréal,Montréal,Westmount-Saint-Louis,anglais
,749795,Les Écoles Créatives,Les Écoles Créatives,"3536, boulevard Saint-Laurent",,66023,Montréal,V,H2X2V1,Collège privé,Privé,http://www.collegesalette.com,-73.57134,45.51293,Collégial,2_Privé,06,Montréal,Montréal,Westmount-Saint-Louis,français
,749796,Les Écoles Créatives,Les Écoles Créatives (secteur anglophone),"3536, boulevard Saint-Laurent",,66023,Montréal,V,H2X2V1,Installation collège privé,Privé,https://collegesalette.com/,-73.571334,45.512933,Collégial,2_Privé,06,Montréal,Montréal,Westmount-Saint-Louis,anglais
,749841,Collège Unica,Collège Unica,"4060, rue Sainte-Catherine Ouest",2e étage,66032,Westmount,V,H3Z2Z3,Collège privé,Privé,https://www.musitechnic.com,-73.586059,45.487643,Collégial,2_Privé,06,Montréal,Montréal,Westmount-Saint-Louis,français
,749937,École nationale de cirque,École nationale de cirque,"8181, avenue du Cirque",,66023,Montréal,V,H1Z4N9,Collège privé,Privé,www.ecolenationaledecirque.ca,-73.613646,45.561794,Collégial,2_Privé,06,Montréal,Montréal,Viau,français
,749990,"Centre de recherche, d'innovation en Art","Centre de recherche, d'innovation et de transfert en Arts du cirque","8181, 2e avenue",,66023,Montréal,V,H1Z4N9,Centre collégial de transfert de technologie,Privé,http://ecolenationaledecirque.ca/fr/lecole/critac,-73.613644,45.561787,Collégial,2_Privé,06,Montréal,Montréal,Viau,
,749995,École nationale de l'humour,École nationale de l'humour,"2120, rue Sherbrooke Est, 7e étage",,66023,Montréal,V,H2K1C3,Collège privé,Privé,https://www.enh.qc.ca,-73.562555,45.530986,Collégial,2_Privé,06,Montréal,Montréal,Sainte-Marie-Saint-Jacques,français
,900000,Cégep de la Gaspésie et des Îles,Cégep de la Gaspésie et des Îles,"96, rue Jacques-Cartier",,03005,Gaspé,V,G4X2S8,Cégep,Public,http://www.cegepgim.ca/,-64.484948,48.834178,Collégial,1_Public,11,La Côte-de-Gaspé,Gaspésie–Îles-de-la-Madeleine,Gaspé,français
,900001,Pavillon Gaspésie (section angl.),Gaspésie Pavillon (section anglophone),"96, rue Jacques-Cartier",,03005,Gaspé,V,G4X2S8,Centre d'enseignement,Public,http://www.cegepgim.ca/,-64.484948,48.834178,Collégial,1_Public,11,La Côte-de-Gaspé,Gaspésie–Îles-de-la-Madeleine,Gaspé,anglais
,900004,Centre collégial Carleton-sur-mer,Centre d'études collégiales Carleton-sur-mer,"776, boul. Perron",Case postale 1000,06013,Carleton-sur-Mer,V,G0C1J0,Centre d'enseignement,Public,http://www.cegepgim.ca/carleton,-66.106665,48.102258,Collégial,1_Public,11,Avignon,Gaspésie–Îles-de-la-Madeleine,Bonaventure,français
,900005,École des pêches et de l'aquaculture,École des pêches et de l'aquaculture du Québec,"167, La Grande Allée Est",C.P. 220,02015,Grande-Rivière,V,G0C1V0,Centre d'enseignement,Public,http://www.cegepgim.ca/,-64.489245,48.395821,Collégial,1_Public,11,Le Rocher-Percé,Gaspésie–Îles-de-la-Madeleine,Gaspé,français
,900006,Centre études coll. Iles-Madeleine,Centre d'études collégiales des Îles-de-la-Madeleine,"15, chemin de la Piscine",Case postale 238,01023,Les Îles-de-la-Madeleine,M,G4T3X4,Centre d'enseignement,Public,http://www.cegepgim.ca/iles,-61.91541,47.372043,Collégial,1_Public,11,Communauté maritime des Îles-de-la-Madeleine,Gaspésie–Îles-de-la-Madeleine,Îles-de-la-Madeleine,français
,900007,Campus de Montréal / Montreal Campus,Campus de Montréal / Montreal Campus,"577, boul Henri-Bourassa Est",,66023,Montréal,V,H2C1E2,Centre d'enseignement,Public,http://www.cegepgim.ca,-73.66865,45.55575,Collégial,1_Public,06,Montréal,Montréal,Maurice-Richard,anglais
,900091,Merinov (CCTT des pêches),Merinov (CCTT des pêches),"96, montée de Sandy-Beach, bureau 2.05",,03005,Gaspé,V,G4X2V6,Centre collégial de transfert de technologie,Public,www.merinov.ca,-64.469002,48.822614,Collégial,1_Public,11,La Côte-de-Gaspé,Gaspésie–Îles-de-la-Madeleine,Gaspé,
,900092,NERGICA,NERGICA,"70, rue Bolduc",,03005,Gaspé,V,G4X1G2,Centre collégial de transfert de technologie,Public,www.nergica.com,-64.48659,48.834075,Collégial,1_Public,11,La Côte-de-Gaspé,Gaspésie–Îles-de-la-Madeleine,Gaspé,français
,900093,Cen. initia. recher. aide dévelop. dura.,Centre d'initiation à la recherche et d'aide au développement durable (CIRADD),"776, boulevard Perron",Campus de Carleton-sur-Mer,06013,Carleton-sur-Mer,V,G0C1J0,Centre collégial de transfert de technologie,Public,www.ciradd.ca,-66.106665,48.102258,Collégial,1_Public,11,Avignon,Gaspésie–Îles-de-la-Madeleine,Bonaventure,français
,901000,Cégep de Rimouski,Cégep de Rimouski,"60, rue de l'Évêché Ouest",,10043,Rimouski,V,G5L4H6,Cégep,Public,http://www.cegep-rimouski.qc.ca/,-68.527809,48.448244,Collégial,1_Public,01,Rimouski-Neigette,Bas-Saint-Laurent,Rimouski,français
,901001,Institut maritime du Québec,Institut maritime du Québec,"53, rue Saint-Germain Ouest",,10043,Rimouski,V,G5L4B4,Établissement d'enseignement,Public,http://www.imq.qc.ca/,-68.52951,48.449752,Collégial,1_Public,01,Rimouski-Neigette,Bas-Saint-Laurent,Rimouski,français
,901002,Centre matapédien études collégiales,Centre matapédien d'études collégiales (Cégep de Rimouski),"92, rue Desbiens",,07047,Amqui,V,G5J3P6,Centre d'enseignement,Public,http://www.centre-matapedien.qc.ca/,-67.428984,48.467585,Collégial,1_Public,01,La Matapédia,Bas-Saint-Laurent,Matane-Matapédia,français
,901090,SEREX,SEREX,"25, rue Armand-Sinclair",Porte 5,07047,Amqui,V,G5J1K3,Centre collégial de transfert de technologie,Public,www.serex.ca,-67.436433,48.470431,Collégial,1_Public,01,La Matapédia,Bas-Saint-Laurent,Matane-Matapédia,français
,901091,Innovation maritime,Innovation maritime,"53, rue Saint-Germain Ouest",,10043,Rimouski,V,G5L4B4,Centre collégial de transfert de technologie,Public,http://www.innovationmaritime.ca,-68.52951,48.449752,Collégial,1_Public,01,Rimouski-Neigette,Bas-Saint-Laurent,Rimouski,français
,902000,Cégep Limoilou,Cégep Limoilou,"1300, 8e Avenue",,23027,Québec,V,G1J5L5,Cégep,Public,http://www.cegeplimoilou.ca,-71.227303,46.829949,Collégial,1_Public,03,Québec,Capitale-Nationale,Jean-Lesage,français
,902002,Cégep Limoilou (Campus Charlesbourg),"Cégep Limoilou, campus de Charlesbourg","7600, 3e Avenue Est",,23027,Québec,V,G1H7L4,Centre d'enseignement,Public,http://www.cegeplimoilou.ca,-71.26066,46.861673,Collégial,1_Public,03,Québec,Capitale-Nationale,Charlesbourg,français
,903000,Cégep de Sainte-Foy,Cégep de Sainte-Foy,"2410, chemin Sainte-Foy",,23027,Québec,V,G1V1T3,Cégep,Public,http://www.cegep-ste-foy.qc.ca/,-71.286551,46.786243,Collégial,1_Public,03,Québec,Capitale-Nationale,Jean-Talon,français
,903090,Centre en foresterie de Ste-Foy inc.,Centre d'enseignement et de recherche en foresterie de Ste-Foy  inc.,2440 chemin Sainte-Foy,,23027,Québec,V,G1V1T2,Centre collégial de transfert de technologie,Public,http://www.cerfo.qc.ca/,-71.28542,46.785081,Collégial,1_Public,03,Québec,Capitale-Nationale,Jean-Talon,
,903091,Centre imag. numérique-médias interact.,Centre en imagerie numérique et médias interactifs (CIMMI),"2440, chemin Sainte-Foy",,23027,Québec,V,G1V1T2,Centre collégial de transfert de technologie,Public,http://www.cimmi.qc.ca,-71.28542,46.785081,Collégial,1_Public,03,Québec,Capitale-Nationale,Jean-Talon,
,904000,Cégep de Sherbrooke,Cégep de Sherbrooke,"475, rue du Cégep",,43027,Sherbrooke,V,J1E4K1,Cégep,Public,http://cegepsherbrooke.qc.ca/,-71.886249,45.411134,Collégial,1_Public,05,Sherbrooke,Estrie,Saint-François,français
,904001,Cégep de Granby,Cégep de Granby,"235, rue Saint-Jacques",,47017,Granby,V,J2G3N1,Cégep,Public,http://www.cegepgranby.qc.ca,-72.730172,45.399337,Collégial,1_Public,05,La Haute-Yamaska,Estrie,Granby,français
,904002,Site d'enseignement d'Asbestos,Site d'enseignement d'Asbestos,"360, boulevard Saint-Luc",,40043,Val-des-Sources,V,J1T2W5,Centre d'enseignement,Public,www.cegepsherbrooke.qc.ca,-71.937666,45.77872,Collégial,1_Public,05,Les Sources,Estrie,Richmond,français
,904090,Productique Québec inc.,Productique Québec inc.,"720, rue Longpré",,43027,Sherbrooke,V,J1G4L3,Centre collégial de transfert de technologie,Public,http://www.productique.quebec,-71.859039,45.397303,Collégial,1_Public,05,Sherbrooke,Estrie,Saint-François,
,905000,Cégep de Trois-Rivières,Cégep de Trois-Rivières,"3500, rue De Courval",Case postale 97,37067,Trois-Rivières,V,G9A5E6,Cégep,Public,http://www.cegeptr.qc.ca/,-72.572851,46.355241,Collégial,1_Public,04,Trois-Rivières,Mauricie,Trois-Rivières,français
,905090,Innofibre,Innofibre - Centre d'innovation des produits cellulosiques,"3351, boulevard des Forges",Case postale 500,37067,Trois-Rivières,V,G9A5H7,Centre collégial de transfert de technologie,Public,http://www.cspp.qc.ca/,-72.57778,46.348038,Collégial,1_Public,04,Trois-Rivières,Mauricie,Trois-Rivières,
,905091,Centre de métallurgie du Québec,Centre de métallurgie du Québec,"3095, rue Westinghouse",Parc industriel des Hautes Forges,37067,Trois-Rivières,V,G9A5E1,Centre collégial de transfert de technologie,Public,http://www.cmqtr.qc.ca,-72.654718,46.371846,Collégial,1_Public,04,Trois-Rivières,Mauricie,Trois-Rivières,
,905092,CCTT en télécommunications,Centre collégial de transfert de technologie en télécommunications,"1300, Place du Technoparc, 2e étage",,37067,Trois-Rivières,V,G9A0A9,Centre collégial de transfert de technologie,Public,www.c2t3.qc.ca,-72.539105,46.352897,Collégial,1_Public,04,Trois-Rivières,Mauricie,Trois-Rivières,
,906000,Cégep de Shawinigan,Cégep de Shawinigan,"2263, avenue du Collège",,36033,Shawinigan,V,G9N6V8,Cégep,Public,http://www.cegepshawinigan.ca,-72.752777,46.563624,Collégial,1_Public,04,Shawinigan,Mauricie,Laviolette-Saint-Maurice,français
,906001,Centre d'études de La Tuque,Centre d'études collégiales de La Tuque,"290, rue Saint-Joseph",,90012,La Tuque,V,G9X3Z8,Centre d'enseignement,Public,https://www.cegepshawinigan.ca,-72.785306,47.441173,Collégial,1_Public,04,La Tuque,Mauricie,Laviolette-Saint-Maurice,français
,906090,Centre en électrochimie et tech. envi.,Centre national en électrochimie et en technologies environnementales inc.,"2263, avenue du Collège",,36033,Shawinigan,V,G9N6V8,Centre collégial de transfert de technologie,Public,http://www.cnete.qc.ca/,-72.752777,46.563624,Collégial,1_Public,04,Shawinigan,Mauricie,Laviolette-Saint-Maurice,
,907001,Cégep de Drummondville,Cégep de Drummondville,"960, rue Saint-Georges",,49058,Drummondville,V,J2C6A2,Cégep,Public,http://www.cegepdrummond.ca,-72.505978,45.873671,Collégial,1_Public,17,Drummond,Centre-du-Québec,Johnson,français
,907002,Cégep de Sorel-Tracy,Cégep de Sorel-Tracy,"3000, boulevard de Tracy",,53052,Sorel-Tracy,V,J3R5B9,Cégep,Public,http://www.cegepst.qc.ca/,-73.148841,46.014691,Collégial,1_Public,16,Pierre-De Saurel,Montérégie,Richelieu,français
,907003,Cégep de St-Hyacinthe,Cégep de St-Hyacinthe,"3000, avenue Boullé",,54048,Saint-Hyacinthe,V,J2S1H9,Cégep,Public,http://www.cegepsth.qc.ca/,-72.974946,45.617513,Collégial,1_Public,16,Les Maskoutains,Montérégie,Saint-Hyacinthe,français
,907031,Cintech agroalimentaire,Cintech agroalimentaire,"3224, rue Sicotte",,54048,Saint-Hyacinthe,V,J2S2M2,Centre collégial de transfert de technologie,Public,http://www.cintech.ca/,-72.967748,45.618869,Collégial,1_Public,16,Les Maskoutains,Montérégie,Saint-Hyacinthe,
,907032,Groupe CTT inc.,Groupe CTT inc.,"3000, avenue Boullé",,54048,Saint-Hyacinthe,V,J2S1H9,Centre collégial de transfert de technologie,Public,http://www.gcttg.com,-72.974946,45.617513,Collégial,1_Public,16,Les Maskoutains,Montérégie,Saint-Hyacinthe,
,907091,CCTT en écologie industrielle,"Centre de transfert technologique en écologie industrielle, centre J-E. Simard","3005, boul. de Tracy",,53052,Sorel-Tracy,V,J3R1C2,Centre collégial de transfert de technologie,Public,www.cttei.qc.ca,-73.150355,46.016232,Collégial,1_Public,16,Pierre-De Saurel,Montérégie,Richelieu,français
,907192,Centre collégial d'expertise en géronto,Centre collégial d'expertise en gérontologie,"960, rue Saint-Georges",,49058,Drummondville,V,J2C6A2,Centre collégial de transfert de technologie,Public,www.cceg.cegepdrummond.ca,-72.505977,45.873671,Collégial,1_Public,17,Drummond,Centre-du-Québec,Johnson,
,908000,Cégep Saint-Jean-sur-Richelieu,Cégep Saint-Jean-sur-Richelieu,"30, boulevard du Séminaire Nord",,56083,Saint-Jean-sur-Richelieu,V,J3B5J4,Cégep,Public,http://www.cstjean.qc.ca/,-73.269883,45.297645,Collégial,1_Public,16,Le Haut-Richelieu,Montérégie,Saint-Jean,français
,908002,St-Jean-sur-Richelieu (anglophone),Cégep St-Jean-sur-Richelieu (militaire anglophone),"15, rue Jacques-Cartier Nord",,56083,Saint-Jean-sur-Richelieu,V,J3B8R8,Centre d'enseignement,Public,http://www.cstjean.qc.ca/,-73.252857,45.295666,Collégial,1_Public,16,Le Haut-Richelieu,Montérégie,Saint-Jean,anglais
,908003,St-Jean-sur-Richelieu (francophone),Cégep Saint-Jean-sur-Richelieu (militaire francophone),"15, rue Jacques-Cartier Nord",,56083,Saint-Jean-sur-Richelieu,V,J3B8R8,Centre d'enseignement,Public,http://www.cstjean.qc.ca,-73.252857,45.295666,Collégial,1_Public,16,Le Haut-Richelieu,Montérégie,Saint-Jean,français
,909000,Cégep Édouard Montpetit,Cégep Édouard Montpetit,"945, chemin de Chambly",,58227,Longueuil,V,J4H3M6,Cégep,Public,http://www.cegepmontpetit.ca,-73.494198,45.53559,Collégial,1_Public,16,Longueuil,Montérégie,Taillon,français
,909001,École nationale d'aérotechnique,École nationale d'aérotechnique,"5555, rue de l'ÉNA",,58227,Longueuil,V,J3Y8Y9,Centre d'enseignement,Public,http://ena.cegepmontpetit.ca,-73.419651,45.522376,Collégial,1_Public,16,Longueuil,Montérégie,Vachon,français
,909003,École nation. aérotechni. (anglo.),École nationale d'aérotechnique (anglophone),"5555, rue de l'ÉNA",,58227,Longueuil,V,J3Y8Y9,Centre d'enseignement,Public,http://ena.cegepmontpetit.ca,-73.419651,45.522376,Collégial,1_Public,16,Longueuil,Montérégie,Vachon,anglais
,909090,Centre en aérospatiale,Centre technologique en aérospatiale C.T.A.,"5555, rue de l'ÉNA",,58227,Longueuil,V,J3Y8Y9,Centre collégial de transfert de technologie,Public,http://www.aerospatiale.org,-73.419651,45.522376,Collégial,1_Public,16,Longueuil,Montérégie,Vachon,
,910000,Cégep rég.  Lanaudière à Joliette,Cégep régional de Lanaudière à Joliette,"20, rue Saint-Charles Sud",,61025,Joliette,V,J6E4T1,Collège constituant,Public,http://www.cegep-lanaudiere.qc.ca,-73.435402,46.02699,Collégial,1_Public,14,Joliette,Lanaudière,Joliette,français
,911000,Cégep Lionel Groulx,Cégep Lionel Groulx,"100, rue Duquet",,73010,Sainte-Thérèse,V,J7E3G6,Cégep,Public,http://www.clg.qc.ca/,-73.842852,45.642574,Collégial,1_Public,15,Thérèse-De Blainville,Laurentides,Groulx,français
,911090,Centre d'innovation en microélectronique,Centre d'innovation en microélectronique du Québec (CIMEQ),"150, rue Duquet",,73010,Sainte-Thérèse,V,J7E5B3,Centre collégial de transfert de technologie,Public,http://www.cimeq.qc.ca,-73.842503,45.644211,Collégial,1_Public,15,Thérèse-De Blainville,Laurentides,Groulx,
,912000,Cégep de Saint-Laurent,Cégep de Saint-Laurent,"625, avenue Sainte-Croix",,66023,Montréal,V,H4L3X7,Cégep,Public,http://www.cegepsl.qc.ca/,-73.671798,45.512841,Collégial,1_Public,06,Montréal,Montréal,Acadie,français
,912090,Centre des technologies de l'eau,Centre des technologies de l'eau,"696, avenue Sainte-Croix",2e étage,66023,Montréal,V,H4L3Y2,Centre collégial de transfert de technologie,Public,www.cegep-st-laurent.qc.ca,-73.674459,45.51254,Collégial,1_Public,06,Montréal,Montréal,Saint-Laurent,
,912091,Centre rech. et inn. art et eng. social,Centre de recherche et d'innovation en art et en engagement social,"625, avenue Sainte-Croix",,66023,Montréal,V,H4L3X7,Centre collégial de transfert de technologie,Public,,-73.671798,45.512841,Collégial,1_Public,06,Montréal,Montréal,Acadie,
,913000,Cégep d'Ahuntsic,Cégep d'Ahuntsic,"9155, rue Saint-Hubert",,66023,Montréal,V,H2M1Y8,Cégep,Public,http://www.collegeahuntsic.qc.ca/,-73.64214,45.552313,Collégial,1_Public,06,Montréal,Montréal,Maurice-Richard,français
,913090,Institut des communications graphiques,Institut des communications graphiques et de l'imprimabilité,"999, avenue Émile-Journault Est",,66023,Montréal,V,H2M2E2,Centre collégial de transfert de technologie,Public,http://www.icgq.qc.ca/,-73.640199,45.551505,Collégial,1_Public,06,Montréal,Montréal,Maurice-Richard,
,914000,Cégep de Bois-de-Boulogne,Cégep de Bois-de-Boulogne,"10555, avenue de Bois-de-Boulogne",,66023,Montréal,V,H4N1L4,Cégep,Public,http://www.bdeb.qc.ca/,-73.674901,45.537301,Collégial,1_Public,06,Montréal,Montréal,Acadie,français
,914090,Centre coll. intelligence artificielle,JACOBB - Centre d'intelligence artificielle appliquée,"10555, avenue de Bois-de-Boulogne",,66023,Montréal,V,H4N1L4,Centre collégial de transfert de technologie,Public,,-73.674901,45.537301,Collégial,1_Public,06,Montréal,Montréal,Acadie,
,915000,Cégep de Rosemont,Cégep de Rosemont,"6400, 16e Avenue",,66023,Montréal,V,H1X2S9,Cégep,Public,http://www.crosemont.qc.ca/,-73.582151,45.557069,Collégial,1_Public,06,Montréal,Montréal,Rosemont,français
,915001,Cégep à distance (Rosemont),Cégep à distance,"6300, 16e Avenue",,66023,Montréal,V,H1X2S9,Établissement d'enseignement,Public,http://www.cegepadistance.ca,-73.580532,45.557437,Collégial,1_Public,06,Montréal,Montréal,Rosemont,français
,915002,Cégep à distance (Rosemont),Cégep à distance international,"6300, 6e Avenue",,66023,Montréal,V,H1X2S9,Établissement d'enseignement,Public,http://www.cegepadistance.ca,-73.580532,45.557437,Collégial,1_Public,06,Montréal,Montréal,Rosemont,français
,915003,Cégep à distance (Rosemont),Cégep à distance (anglophone),"6300, 16e Avenue",,66023,Montréal,V,H1X2S9,Établissement d'enseignement,Public,http://www.cepegadistance.ca,-73.580532,45.557437,Collégial,1_Public,06,Montréal,Montréal,Rosemont,anglais
,915090,Cen.étu. respons. socia. écocitoyen.,Centre d'étude en responsabilité sociale et écocitoyenneté (CÉRSÉ),"6400, 16e Avenue",Cégep de Rosemont,66023,Montréal,V,H1X2S9,Centre collégial de transfert de technologie,Public,www.crosemont.qc.ca,-73.582151,45.557069,Collégial,1_Public,06,Montréal,Montréal,Rosemont,français
,916000,Cégep de Maisonneuve,Cégep de Maisonneuve,"3800, rue Sherbrooke Est",,66023,Montréal,V,H1X2A2,Cégep,Public,http://www.cmaisonneuve.qc.ca/,-73.553426,45.551041,Collégial,1_Public,06,Montréal,Montréal,Hochelaga-Maisonneuve,français
,916090,Centre d'études en procédés chimiques,Centre d'études en procédés chimiques du Québec (CÉPROCQ),"6220, rue Sherbrooke Est",,66023,Montréal,V,H1N1C1,Centre collégial de transfert de technologie,Public,http://www.cmaisonneuve.qc.ca/icp/ceprocq.html,-73.544848,45.578775,Collégial,1_Public,06,Montréal,Montréal,Bourget,
,916091,Institut des emballages et du génie ali.,Institut de technologie des emballages et du génie alimentaire - ITEGA,"6220, rue Sherbrooke Est",,66023,Montréal,V,H1N1C1,Centre collégial de transfert de technologie,Public,,-73.544848,45.578775,Collégial,1_Public,06,Montréal,Montréal,Bourget,français
,916092,Institut recherche intégration,Institut de recherche sur l'immigration et sur les pratiques interculturelles et inclusives (IRIPII),"3800, rue Sherbrooke Est",,66023,Montréal,V,H1X2A2,Centre collégial de transfert de technologie,Public,www.cmaisonneuve.qc.ca,-73.553426,45.551041,Collégial,1_Public,06,Montréal,Montréal,Hochelaga-Maisonneuve,
,917000,Cégep du Vieux Montréal,Cégep du Vieux Montréal,"255, rue Ontario Est",,66023,Montréal,V,H2X1X6,Cégep,Public,http://www.cvm.qc.ca/,-73.566696,45.514471,Collégial,1_Public,06,Montréal,Montréal,Sainte-Marie-Saint-Jacques,français
,917090,Centre de recherche pour l'inclusion des,CRISPESH - Centre de recherche pour l'inclusion des personnes en situation de handicap,"255, rue Ontario Est",,66023,Montréal,V,H2X1X6,Centre collégial de transfert de technologie,Public,www.cvm.qc.ca,-73.566696,45.514471,Collégial,1_Public,06,Montréal,Montréal,Sainte-Marie-Saint-Jacques,français
,918000,Cégep de Valleyfield,Cégep de Valleyfield,"169, rue Champlain",,70052,Salaberry-de-Valleyfield,V,J6T1X6,Cégep,Public,www.cegepvalleyfield.ca,-74.133202,45.253022,Collégial,1_Public,16,Beauharnois-Salaberry,Montérégie,Beauharnois,français
,918001,CEC Saint-Constant,Centre d'études collégiales à Saint-Constant,"121, rang Saint-Pierre",,67035,Saint-Constant,V,J5A2G9,Centre d'enseignement,Public,https://www.colval.qc.ca/,-73.569156,45.373981,Collégial,1_Public,16,Roussillon,Montérégie,Sanguinet,français
,918002,Centre d'études de Vaudreuil-Dorion,Centre d'études de Vaudreuil-Dorion,"2555, rue Dutrisac",Bureau 155,71083,Vaudreuil-Dorion,V,J7V7N9,Centre d'enseignement,Public,https://www.colval.qc.ca/,-74.036636,45.403607,Collégial,1_Public,16,Vaudreuil-Soulanges,Montérégie,Vaudreuil,français
,919000,Cégep de l'Outaouais,Cégep de l'Outaouais,"333, boulevard de la Cité-des-Jeunes",,81017,Gatineau,V,J8Y6M4,Cégep,Public,http://www.cegepoutaouais.qc.ca/,-75.769418,45.459246,Collégial,1_Public,07,Gatineau,Outaouais,Hull,français
,919001,Collège Héritage,Collège Héritage,"325, boulevard de la Cité-des-Jeunes",,81017,Gatineau,V,J8Y6T3,Cégep,Public,http://www.cegep-heritage.qc.ca,-75.7656,45.455224,Collégial,1_Public,07,Gatineau,Outaouais,Hull,anglais
,919002,Cégep de l'Outaouais - Félix-Leclerc,Cégep de l'Outaouais - Campus Félix-Leclerc,"820, boulevard de la Gappe",,81017,Gatineau,V,J8T7T7,Centre d'enseignement,Public,http://www.cegepoutaouais.qc.ca,-75.68407,45.483213,Collégial,1_Public,07,Gatineau,Outaouais,Chapleau,français
,919003,Centre d'études collégiales de Maniwaki,Centre d'études collégiales de Maniwaki,"331, rue du Couvent",,83065,Maniwaki,V,J9E1H5,Centre d'enseignement,Public,http://www.cegepoutaouais.ca/,-75.970131,46.37915,Collégial,1_Public,07,La Vallée-de-la-Gatineau,Outaouais,Gatineau,français
,919090,CyberQuébec,CyberQuébec.org,"333, boulevard de la Cité-des-Jeunes",Campus Gabrielle-Roy,81017,Gatineau,V,J8Y6M4,Centre collégial de transfert de technologie,Public,,-75.769418,45.459246,Collégial,1_Public,07,Gatineau,Outaouais,Hull,
,920000,Cégep de l'Abitibi-Témiscamingue,Cégep de l'Abitibi-Témiscamingue,"425, boulevard du Collège",,86042,Rouyn-Noranda,V,J9X5E5,Cégep,Public,http://www.cegepat.qc.ca/,-79.007426,48.228985,Collégial,1_Public,08,Rouyn-Noranda,Abitibi-Témiscamingue,Rouyn-Noranda-Témiscamingue,français
,920001,Cégep Abitibi (Campus d'Amos),Campus d'Amos,"341, rue Principale Nord",,88057,Amos,V,J9T2L8,Centre d'enseignement,Public,http://cegepat.qc.ca,-78.118091,48.578408,Collégial,1_Public,08,Abitibi,Abitibi-Témiscamingue,Abitibi-Ouest,français
,920002,Cégep Abitibi (Campus de Val-d'Or),Campus de Val-d'Or,"675, 1re Avenue",,89008,Val-d'Or,V,J9P1Y3,Centre d'enseignement,Public,http://cegepat.qc.ca,-77.785334,48.099762,Collégial,1_Public,08,La Vallée-de-l'Or,Abitibi-Témiscamingue,Abitibi-Est,français
,920003,Campus de Val-d'Or (Anglophone),Campus de Val-d'Or (Anglophone),"675, 1re Avenue",,89008,Val-d'Or,V,J9P1Y3,Centre d'enseignement,Public,http://cegepat.qc.ca,-77.785334,48.099762,Collégial,1_Public,08,La Vallée-de-l'Or,Abitibi-Témiscamingue,Abitibi-Est,anglais
,920004,Cen. étu.col. Prem. Nations (fran.),Centre d'études collégiales des Premières Nations (francophone),"1205, route Marie-Victorin",,50802,Odanak,R,J0G1H0,Centre d'enseignement,Public,http://www.ippn-fnpi.com,-72.801798,46.080747,Collégial,1_Public,17,Nicolet-Yamaska,Centre-du-Québec,Nicolet-Bécancour,français
,920090,Centre techno. résidus industriels,Centre technologique des résidus industriels,"425, boulevard du Collège",,86042,Rouyn-Noranda,V,J9X5E5,Centre collégial de transfert de technologie,Public,ctri.qc.ca/,-79.007426,48.228985,Collégial,1_Public,08,Rouyn-Noranda,Abitibi-Témiscamingue,Rouyn-Noranda-Témiscamingue,
,921000,Cégep de Lévis,Cégep de Lévis,"205, route Monseigneur-Bourget",,25213,Lévis,V,G6V6Z9,Cégep,Public,https://www.cegeplevis.ca/,-71.150865,46.817971,Collégial,1_Public,12,Lévis,Chaudière-Appalaches,Lévis,français
,921090,Centre robot. et vision industrielles,Centre de robotique et de vision industrielles inc.,"205, rue Mgr Bourget",,25213,Lévis,V,G6V6Z9,Centre collégial de transfert de technologie,Public,http://www.crvi.ca,-71.150865,46.817971,Collégial,1_Public,12,Lévis,Chaudière-Appalaches,Lévis,
,921091,TransBIOTech Centre rech. trans. biote.,TransBIOTech Centre de recherche et de transfert en biotechnologie,"201, rue Mgr Bourget",,25213,Lévis,V,G6V6Z3,Centre collégial de transfert de technologie,Public,http://www.tbt.qc.ca/,-71.15194,46.816993,Collégial,1_Public,12,Lévis,Chaudière-Appalaches,Lévis,
,922000,Cégep de Rivière-du-Loup,Cégep de Rivière-du-Loup,"80, rue Frontenac",,12072,Rivière-du-Loup,V,G5R1R1,Cégep,Public,http://www.cegeprdl.ca/,-69.537775,47.827161,Collégial,1_Public,01,Rivière-du-Loup,Bas-Saint-Laurent,Rivière-du-Loup-Témiscouata,français
,922090,Living Lab en innovation ouverte,Living Lab en innovation ouverte,"80, rue Frontenac",,12072,Rivière-du-Loup,V,G5R1R1,Centre collégial de transfert de technologie,Public,www.llio.quebec,-69.537775,47.827161,Collégial,1_Public,01,Rivière-du-Loup,Bas-Saint-Laurent,Rivière-du-Loup-Témiscouata,
,923000,Cégep de La Pocatière,Cégep de La Pocatière,"140, 4e Avenue",,14085,La Pocatière,V,G0R1Z0,Cégep,Public,http://www.cegeplapocatiere.qc.ca,-70.040945,47.367802,Collégial,1_Public,01,Kamouraska,Bas-Saint-Laurent,Côte-du-Sud,français
,923001,Centre d'études coll. de Montmagny,Centre d'études collégiales de Montmagny,"115, boulevard Taché est",,18050,Montmagny,V,G5V4J8,Centre d'enseignement,Public,http://www.cec.montmagny.qc.ca,-70.558919,46.983397,Collégial,1_Public,12,Montmagny,Chaudière-Appalaches,Côte-du-Sud,français
,923002,CEC Témiscouata - La Pocatière,Centre d'études collégiales du Témiscouata (La Pocatière),"71 A, rue Pelletier",,13073,Témiscouata-sur-le-Lac,V,G0L1E0,Centre d'enseignement,Public,www.cegeplapocatiere.qc.ca,-68.883327,47.677246,Collégial,1_Public,01,Témiscouata,Bas-Saint-Laurent,Rivière-du-Loup-Témiscouata,français
,923090,Solutions Novika,Solutions Novika,"129, rue du Parc-de-l'innovation",,14085,La Pocatière,V,G0R1Z0,Centre collégial de transfert de technologie,Public,www.novika.ca,-70.065661,47.357328,Collégial,1_Public,01,Kamouraska,Bas-Saint-Laurent,Côte-du-Sud,
,923091,CCTT en optique-photonique,Centre collégial de transfert technologique en optique-photonique OPTECH,"129, rue du Parc-de-l'innovation",,14085,La Pocatière,V,G0R1Z0,Centre collégial de transfert de technologie,Public,http://www.cctt-optech.ca,-70.065661,47.357328,Collégial,1_Public,01,Kamouraska,Bas-Saint-Laurent,Côte-du-Sud,français
,923092,Biopterre - CDB,Biopterre - Centre de développement des bioproduits,"1642, rue de la Ferme",,14090,Sainte-Anne-de-la-Pocatière,P,G0R1Z0,Centre collégial de transfert de technologie,Public,www.biopterre.com,-70.028658,47.353938,Collégial,1_Public,01,Kamouraska,Bas-Saint-Laurent,Côte-du-Sud,français
,924000,Cégep de Thetford,Cégep de Thetford,"671, boulevard Frontenac Ouest",,31084,Thetford Mines,V,G6G1N1,Cégep,Public,http://www.cegepthetford.ca,-71.324362,46.098445,Collégial,1_Public,12,Les Appalaches,Chaudière-Appalaches,Lotbinière-Frontenac,français
,924003,Centre d'études collégiales Lotbinière,Centre d'études collégiales de Lotbinière,"1080, avenue Bergeron",,33045,Saint-Agapit,M,G0S1Z0,Centre d'enseignement,Public,http://www.cegepthetford.ca,-71.436379,46.563605,Collégial,1_Public,12,Lotbinière,Chaudière-Appalaches,Lotbinière-Frontenac,français
,924090,COALIA,COALIA,"671, boulevard Frontenac Ouest",,31084,Thetford Mines,V,G6G1N1,Centre collégial de transfert de technologie,Public,http://www.coalia.ca,-71.324362,46.098445,Collégial,1_Public,12,Les Appalaches,Chaudière-Appalaches,Lotbinière-Frontenac,
,924091,Centre Kemitek,Centre Kemitek,"835, rue Mooney Ouest",,31084,Thetford Mines,V,G6G0A5,Centre collégial de transfert de technologie,Public,www.oleotek.org,-71.297593,46.072668,Collégial,1_Public,12,Les Appalaches,Chaudière-Appalaches,Lotbinière-Frontenac,français
,925000,Cégep de Victoriaville,Cégep de Victoriaville,"475, rue Notre-Dame Est",,39062,Victoriaville,V,G6P4B3,Cégep,Public,http://www.cegepvicto.ca/,-71.943248,46.059158,Collégial,1_Public,17,Arthabaska,Centre-du-Québec,Arthabaska,français
,925001,École nat. meuble ébénisterie (Vic.),École nationale du meuble et de l'ébénisterie,"765, rue Notre-Dame Est",,39062,Victoriaville,V,G6P4B2,Centre d'enseignement,Public,http://www.cegepvicto.ca,-71.93995,46.064478,Collégial,1_Public,17,Arthabaska,Centre-du-Québec,Arthabaska,français
,925002,École nat. meuble et ébinisterie - Mtl,"École nationale du meuble et de l'ébénisterie, pavillon de Montréal","5445, rue De Lorimier",,66023,Montréal,V,H2H2S5,Centre d'enseignement,Public,http://montreal.ecolenationaledumeuble.ca,-73.582547,45.540279,Collégial,1_Public,06,Montréal,Montréal,Mercier,français
,925090,INOVEM,INOVEM,"765, rue Notre-Dame Est",,39062,Victoriaville,V,G6P4B2,Centre collégial de transfert de technologie,Public,http://www.inovem.ca/,-71.93995,46.064478,Collégial,1_Public,17,Arthabaska,Centre-du-Québec,Arthabaska,
,925091,Centre inno. sociale agriculture,Centre d'innovation sociale en agriculture,"475, rue Notre-Dame Est",,39062,Victoriaville,V,G6P4B3,Centre collégial de transfert de technologie,Public,www.cisainnovation.com,-71.943248,46.059158,Collégial,1_Public,17,Arthabaska,Centre-du-Québec,Arthabaska,français
,925092,Centre expertise trans.agricul.bio proxi,Centre d'expertise et de transfert en agriculture biologique et de proximité (CETAB+),"454, boulevard Jutras Est",,39062,Victoriaville,V,G6P4B3,Centre collégial de transfert de technologie,Public,www.cetab.org,-71.940993,46.06027,Collégial,1_Public,17,Arthabaska,Centre-du-Québec,Arthabaska,
,926000,Cégep Garneau,Cégep François-Xavier Garneau,"1660, boulevard de l'Entente",,23027,Québec,V,G1S4S3,Cégep,Public,http://www.cegepgarneau.ca,-71.263915,46.794313,Collégial,1_Public,03,Québec,Capitale-Nationale,Taschereau,français
,927000,Cégep de Matane,Cégep de Matane,"616, avenue Saint-Rédempteur",,08053,Matane,V,G4W1L1,Cégep,Public,http://www.cegep-matane.qc.ca,-67.497149,48.840922,Collégial,1_Public,01,La Matanie,Bas-Saint-Laurent,Matane-Matapédia,français
,927002,Cen. mat. étu. col. (Cégep de Matane),Centre matapédien d'études collégiales (Cégep de Matane),"92, rue Desbiens",,07047,Amqui,V,G5J3P6,Centre d'enseignement,Public,https://www.centre-matapedien.qc.ca/,-67.428984,48.467585,Collégial,1_Public,01,La Matapédia,Bas-Saint-Laurent,Matane-Matapédia,français
,927091,Centre développement-recherche inte. num,Centre de développement et de recherche en intelligence numérique (CDRIN),"608, avenue Saint-Rédempteur",,08053,Matane,V,G4W0E1,Centre collégial de transfert de technologie,Public,http://www.cdrin.com/,-67.499987,48.841294,Collégial,1_Public,01,La Matanie,Bas-Saint-Laurent,Matane-Matapédia,
,928000,Cégep de Saint-Jérôme,Cégep de Saint-Jérôme,"455, rue Fournier",,75017,Saint-Jérôme,V,J7Z4V2,Cégep,Public,http://www.cstj.qc.ca/,-73.999315,45.779602,Collégial,1_Public,15,La Rivière-du-Nord,Laurentides,Saint-Jérôme,français
,928001,Centre études coll. de Mont-Laurier,Centre collégial de Mont-Laurier,"700, rue Parent",,79088,Mont-Laurier,V,J9L2K1,Centre d'enseignement,Public,cstj.qc.ca/mt-laurier,-75.507708,46.560516,Collégial,1_Public,15,Antoine-Labelle,Laurentides,Labelle,français
,928002,Centre études coll. Mont-Tremblant,Centre collégial de Mont-Tremblant,"635, boul. du Docteur-Gervais",,78102,Mont-Tremblant,V,J8E2T3,Centre d'enseignement,Public,www.cstj.qc.ca/mt-tremblant,-74.582902,46.122629,Collégial,1_Public,15,Les Laurentides,Laurentides,Labelle,français
,928090,Centre de développement des composites,Centre de développement des composites du Québec (CDCQ),"475, rue Fournier",Local J202,75017,Saint-Jérôme,V,J7Z4V2,Centre collégial de transfert de technologie,Public,http://www.cstj.qc.ca    et    www.cdcq.qc.ca,-73.999315,45.779584,Collégial,1_Public,15,La Rivière-du-Nord,Laurentides,Saint-Jérôme,
,928091,Institut du véhicule innovant,Institut du véhicule innovant,"100, rue Claude-Audy",,75017,Saint-Jérôme,V,J5L0J2,Centre collégial de transfert de technologie,Public,www.ivisolutions.ca,-74.041669,45.780426,Collégial,1_Public,15,La Rivière-du-Nord,Laurentides,Saint-Jérôme,
,929000,Cégep André-Laurendeau,Cégep André-Laurendeau,"1111, rue Lapierre",,66023,Montréal,V,H8N2J4,Cégep,Public,http://www.claurendeau.qc.ca/,-73.607135,45.436685,Collégial,1_Public,06,Montréal,Montréal,Marguerite-Bourgeoys,français
,929090,Institut d'innovation en logistique,Institut d'innovation en logistique du Québec,"1111, rue Lapierre",Bureau 1.043,66023,Montréal,V,H8N2J4,Centre collégial de transfert de technologie,Public,www.innovationlogistique.com,-73.607135,45.436685,Collégial,1_Public,06,Montréal,Montréal,Marguerite-Bourgeoys,
,930000,Cégep Montmorency,Cégep Montmorency,"475, boulevard de l'Avenir",,65005,Laval,V,H7N5H9,Cégep,Public,http://www.cmontmorency.qc.ca/,-73.718642,45.559943,Collégial,1_Public,13,Laval,Laval,Laval-des-Rapides,français
,931001,Cégep de Baie-Comeau,Cégep de Baie-Comeau,"537, boulevard Blanche",,96020,Baie-Comeau,V,G5C2B2,Cégep,Public,http://www.cegepbc.ca,-68.2617,49.186303,Collégial,1_Public,09,Manicouagan,Côte-Nord,René-Lévesque,français
,931002,Cégep de Sept-Îles,Cégep de Sept-Îles,"175, rue De La Vérendrye",,97007,Sept-Îles,V,G4R5B7,Cégep,Public,https://cegepsi.ca/,-66.354666,50.227075,Collégial,1_Public,09,Sept-Rivières,Côte-Nord,Duplessis,français
,931003,"Sept-Îles (section anglophone), Cégep de",Cégep de Sept-Îles (section anglophone),"175, rue De La Vérendrye",,97007,Sept-Îles,V,G4R5B7,Centre d'enseignement,Public,https://cegepsi.ca/,-66.354666,50.227075,Collégial,1_Public,09,Sept-Rivières,Côte-Nord,Duplessis,anglais
,931090,Institut technologique de maintenance in,Institut technologique de maintenance industrielle,"175, rue De La Vérendrye",,97007,Sept-Îles,V,G4R5B7,Centre collégial de transfert de technologie,Public,https://itmi.ca/,-66.354666,50.227075,Collégial,1_Public,09,Sept-Rivières,Côte-Nord,Duplessis,
,931091,Centre expér. dévelop. en forêt boréale,Centre d'expérimentation et de développement en forêt boréale (CEDFOB),"537, boulevard Blanche",,96020,Baie-Comeau,V,G5C2B2,Centre collégial de transfert de technologie,Public,www.cedfob.qc.ca,-68.2617,49.186303,Collégial,1_Public,09,Manicouagan,Côte-Nord,René-Lévesque,
,932001,Collège d'Alma,Collège d'Alma,"675, boulevard Auger Ouest",,93042,Alma,V,G8B2B7,Cégep,Public,http://www.collegealma.ca/,-71.654535,48.545308,Collégial,1_Public,02,Lac-Saint-Jean-Est,Saguenay–Lac-Saint-Jean,Lac-Saint-Jean,français
,932002,Cégep de Chicoutimi,Cégep de Chicoutimi,"534, rue Jacques-Cartier Est",,94068,Saguenay,V,G7H1Z6,Cégep,Public,http://www.cegep-chicoutimi.qc.ca/,-71.052406,48.423148,Collégial,1_Public,02,Saguenay,Saguenay–Lac-Saint-Jean,Chicoutimi,français
,932003,Cégep de Jonquière,Cégep de Jonquière,"2505, rue Saint-Hubert",,94068,Saguenay,V,G7X7W2,Cégep,Public,http://www.cegepjonquiere.ca,-71.248379,48.406097,Collégial,1_Public,02,Saguenay,Saguenay–Lac-Saint-Jean,Jonquière,français
,932004,Cégep de Saint-Félicien,Cégep de St-Félicien,"1105, boulevard Hamel",,91042,Saint-Félicien,V,G8K2R8,Cégep,Public,http://www.cegepstfe.ca,-72.45869,48.649841,Collégial,1_Public,02,Le Domaine-du-Roy,Saguenay–Lac-Saint-Jean,Roberval,français
,932005,Centre québécois formation aéronautique,Centre québécois de formation aéronautique,"1, rue de l'Aéroport",,94240,Saint-Honoré,V,G0V1L0,Centre d'enseignement,Public,http://www.cqfa.ca,-71.058086,48.526062,Collégial,1_Public,02,Le Fjord-du-Saguenay,Saguenay–Lac-Saint-Jean,Dubuc,français
,932006,Centre études coll. à Chibougamau,Centre d'études collégiales à Chibougamau,"110, rue Obalski",,99025,Chibougamau,V,G8P2E9,Centre d'enseignement,Public,http://www.cec-chibougamau.qc.ca/,-74.36637,49.916551,Collégial,1_Public,10,Jamésie,Nord-du-Québec,Ungava,français
,932007,Centre études coll. en Charlevoix,Centre d'études collégiales en Charlevoix,"855, rue Richelieu (Pointe-au-Pic)",,15013,La Malbaie,V,G5A2X7,Centre d'enseignement,Public,http://www.ceccharlevoix.qc.ca,-70.143442,47.633572,Collégial,1_Public,03,Charlevoix-Est,Capitale-Nationale,Charlevoix-Côte-de-Beaupré,français
,932010,Agrinova,Agrinova,"640, rue Côté Ouest",,93042,Alma,V,G8B7S8,Centre collégial de transfert de technologie,Public,http://www.agrinova.qc.ca,-71.653756,48.546438,Collégial,1_Public,02,Lac-Saint-Jean-Est,Saguenay–Lac-Saint-Jean,Lac-Saint-Jean,
,932011,Centre Saint-Félicien (anglophone),Centre de Saint-Félicien (anglophone),"1105, boulevard Hamel",C.P. 7300,91042,Saint-Félicien,V,G8K2R8,Centre d'enseignement,Public,http://www.cstfelicien.qc.ca,-72.45869,48.649841,Collégial,1_Public,02,Le Domaine-du-Roy,Saguenay–Lac-Saint-Jean,Roberval,anglais
,932012,Centre d'études de Forestville,Centre d'études collégiales de Forestville,"16, 5e Avenue",,95045,Forestville,V,G0T1E0,Centre d'enseignement,Public,,-69.078879,48.741586,Collégial,1_Public,09,La Haute-Côte-Nord,Côte-Nord,René-Lévesque,français
,932020,Centre de géomatique du Québec inc.,Centre de géomatique du Québec inc.,"534, rue Jacques-Cartier Est",,94068,Saguenay,V,G7H1Z6,Centre collégial de transfert de technologie,Public,http://www.cgq.qc.ca,-71.052406,48.423148,Collégial,1_Public,02,Saguenay,Saguenay–Lac-Saint-Jean,Chicoutimi,
,932030,Centre de production automatisée,Centre de production automatisée (CPA),"3780, rue Panet",,94068,Saguenay,V,G7X0E5,Centre collégial de transfert de technologie,Public,http://cpa.cjonquiere.qc.ca/,-71.245067,48.403819,Collégial,1_Public,02,Saguenay,Saguenay–Lac-Saint-Jean,Jonquière,
,932090,ÉCOBES Recherche et transfert,ÉCOBES Recherche et transfert,"3791, rue de la Fabrique, 6e étage",Pavillon Manicouagan (Cégep Jonquière),94068,Saguenay,V,G7X7W2,Centre collégial de transfert de technologie,Public,http://cegepjonquiere.ca/ecobes/,-71.245221,48.404866,Collégial,1_Public,02,Saguenay,Saguenay–Lac-Saint-Jean,Jonquière,français
,932491,Écofaune boréale,Écofaune boréale,"1105, boulevard Hamel",,91042,Saint-Félicien,V,G8K2R8,Centre collégial de transfert de technologie,Public,ecofauneboreale@cegepstfe.ca,-72.45869,48.649841,Collégial,1_Public,02,Le Domaine-du-Roy,Saguenay–Lac-Saint-Jean,Roberval,
,933000,Collège Dawson,Collège Dawson,"3040, rue Sherbrooke Ouest",,66023,Montréal,V,H3Z1A4,Cégep,Public,http://www.dawsoncollege.qc.ca/,-73.587394,45.49035,Collégial,1_Public,06,Montréal,Montréal,Westmount-Saint-Louis,anglais
,933003,Cen. étu. col. Prem. Nations  (an.),Centre d'études collégiales des Premières Nations (anglophone),"1205, route Marie-Victorin",,50802,Odanak,R,J0G1H0,Centre d'enseignement,Public,http://www.ippn-fnpi.com,-72.801798,46.080747,Collégial,1_Public,17,Nicolet-Yamaska,Centre-du-Québec,Nicolet-Bécancour,anglais
,934000,Vanier College,Vanier College,"821, avenue Sainte-Croix",,66023,Montréal,V,H4L3X9,Cégep,Public,http://www.vaniercollege.qc.ca/,-73.674504,45.514789,Collégial,1_Public,06,Montréal,Montréal,Acadie,anglais
,935000,Cégep John Abbott,Cégep John Abbott,"21275, rue Lakeshore",,66117,Sainte-Anne-de-Bellevue,V,H9X3L9,Cégep,Public,http://www.johnabbott.qc.ca/,-73.941788,45.40641,Collégial,1_Public,06,Montréal,Montréal,Jacques-Cartier,anglais
,935090,Centre expert. recherche pharmaceutiques,Centre d'expertise et de recherche appliquée en sciences pharmaceutiques,"21275, chemin Lakeshore",,66117,Sainte-Anne-de-Bellevue,V,H9X3L9,Centre collégial de transfert de technologie,Public,,-73.943197,45.404136,Collégial,1_Public,06,Montréal,Montréal,Jacques-Cartier,
,936000,Cégep régional Champlain,Cégep régional Champlain,"1301, boulevard Portland",,43027,Sherbrooke,V,J1J1S2,Collège régional,Public,http://www.crc-sher.qc.ca,-71.90884,45.403941,Collégial,1_Public,05,Sherbrooke,Estrie,Sherbrooke,anglais
,936001,Cégep Champlain à Lennoxville,Cégep Champlain à Lennoxville,"2580, rue Collège",,43027,Sherbrooke,V,J1M2K3,Collège constituant,Public,http://www.crc-lennox.qc.ca/,-71.845029,45.366136,Collégial,1_Public,05,Sherbrooke,Estrie,Saint-François,anglais
,936002,Cégep Champlain-Saint-Lawrence,Cégep Champlain-Saint-Lawrence,"790, avenue Nérée-Tremblay",,23027,Québec,V,G1V4K2,Collège constituant,Public,http://www.slc.qc.ca/,-71.282441,46.788206,Collégial,1_Public,03,Québec,Capitale-Nationale,Jean-Talon,anglais
,936003,Cégep Champlain à Saint-Lambert,Cégep Champlain à Saint-Lambert,"900, Riverside Drive",,58012,Saint-Lambert,V,J4P3P2,Collège constituant,Public,http://www.champlainonline.com,-73.520389,45.516352,Collégial,1_Public,16,Longueuil,Montérégie,Laporte,anglais
,937000,Cégep Beauce-Appalaches,Cégep Beauce-Appalaches,"1055, 116e Rue Est",,29073,Saint-Georges,V,G5Y3G1,Cégep,Public,http://www.cegepba.qc.ca,-70.66939,46.126489,Collégial,1_Public,12,Beauce-Sartigan,Chaudière-Appalaches,Beauce-Sud,français
,937001,Centre d'études de Lac-Mégantic,Centre d'études collégiales de Lac-Mégantic,"3800, rue Cousineau",,30030,Lac-Mégantic,V,G6B2A3,Centre d'enseignement,Public,www.cec.lacmegantic.qc.ca,-70.8863,45.580702,Collégial,1_Public,05,Le Granit,Estrie,Mégantic,français
,937002,Centre d'études collégiales de Ste-Marie,Centre d'études collégiales de Sainte-Marie,"1150, boulevard Vachon Nord",,26030,Sainte-Marie,V,G6E0R1,Centre d'enseignement,Public,http://www.cegepba.qc.ca/programmes-detudes/centre,-71.039352,46.458327,Collégial,1_Public,12,La Nouvelle-Beauce,Chaudière-Appalaches,Beauce-Nord,français
,937090,MÉCANIUM inc.,MÉCANIUM inc.,"11700, 25e Avenue Est",,29073,Saint-Georges,V,G5Y8B8,Centre collégial de transfert de technologie,Public,www.sitte.qc.ca,-70.664363,46.130127,Collégial,1_Public,12,Beauce-Sartigan,Chaudière-Appalaches,Beauce-Sud,
,938000,Cégep Marie-Victorin,Cégep Marie-Victorin,"7000, rue Marie-Victorin",,66023,Montréal,V,H1G2J6,Cégep,Public,http://www.cegepmv.ca,-73.605529,45.618066,Collégial,1_Public,06,Montréal,Montréal,LaFontaine,français
,938003,Marie-Victorin (sect. anglophone) Cégep,Cégep Marie-Victorin (section anglophone),"7000, rue Marie-Victorin",,66023,Montréal,V,H1G2J6,Centre d'enseignement,Public,http://www.collegemc.qc.ca,-73.605529,45.618066,Collégial,1_Public,06,Montréal,Montréal,LaFontaine,anglais
,938090,"Vestechpro, Cen. recher. inno. habille.",VESTECHPRO Centre de recherche et d'innovation en habillement,"7000, rue Marie-Victorin",Local S-007,66023,Montréal,V,H1G2J6,Centre collégial de transfert de technologie,Public,http://www.vestechpro.com,-73.605529,45.618066,Collégial,1_Public,06,Montréal,Montréal,LaFontaine,
,939000,Cégep Gérald-Godin,Cégep Gérald-Godin,"15615, boulevard Gouin Ouest",,66023,Montréal,V,H9H5K8,Cégep,Public,http://www.cgodin.qc.ca,-73.868988,45.483381,Collégial,1_Public,06,Montréal,Montréal,Nelligan,français
,940000,Cégep régional de Lanaudière,Cégep régional de Lanaudière,"781, rue Notre-Dame",,60013,Repentigny,V,J5Y1B4,Collège régional,Public,http://www.cegep-lanaudiere.qc.ca,-73.426006,45.75983,Collégial,1_Public,14,L'Assomption,Lanaudière,Repentigny,français
,940001,Cégep rég. Lanaudière à L'Assomption,Cégep régional de Lanaudière à L'Assomption,"180, rue Dorval",,60028,L'Assomption,V,J5W6C1,Collège constituant,Public,http://www.cegep-lanaudiere.qc.ca,-73.420818,45.828706,Collégial,1_Public,14,L'Assomption,Lanaudière,L'Assomption,français
,940002,Cégep rég. Lanaudière à Terrebonne,Cégep régional de Lanaudière à Terrebonne,"2505, boulevard des Entreprises",,64008,Terrebonne,V,J6X5S5,Collège constituant,Public,http://www.cegep-lanaudiere.qc.ca,-73.705615,45.720681,Collégial,1_Public,14,Les Moulins,Lanaudière,Terrebonne,français
,940291,INÉDI,INÉDI,"2505, boulevard des Entreprises",,64008,Terrebonne,V,J6X5S5,Centre collégial de transfert de technologie,Public,www.inedi.ca,-73.705615,45.720681,Collégial,1_Public,14,Les Moulins,Lanaudière,Terrebonne,
